black,blue,brown,cyan,darkgreen,darkred,green,greenyellow,grey60,lightcyan,lightgreen,lightyellow,magenta,midnightblue,pink,purple,red,royalblue,salmon,tan,turquoise,yellow
ACACA,AADACL3,AAMDC,AICDA,AKR7A2,ADD1,ABCC1,ABAT,ADAM22,ABCE1,ABCC2,ACCS,ABI2,ACOD1,A4GALT,AACS,A2M,ABCA3,ABCG2,AADACL4,AAK1,A1CF
ACAD8,AASS,AARD,AK6,ANAPC4,AKAP12,ABCC10,ACAP3,ANK3,ANKRD63,ACSM2B,BCL3,ABLIM1,ADAD2,ABHD12B,ABCA5,ABCA2,ADCYAP1R1,ADAM17,ACOT2,AAMP,A3GALT2
ACKR4,ABCA6,ABHD5,ALK,ANGPTL3,AP2A1,ABCC9,ADAMTSL2,ANXA7,APOB,ADCY7,BMP8A,ADCY2,ANXA2,ACTRT1,ABLIM2,ABHD14A,ADRM1,ADAM7,ACOX2,AARS1,ABHD15
ACSL4,ABCA7,ABT1,ARCN1,ANXA8,ATP1A1,ACBD6,ADI1,APBA1,ARHGAP9,ADGRB2,BRIX1,ADGRL1,APCS,ADAMTSL5,ACADVL,ABTB1,AGAP1,ALDH3B1,ACP2,AASDHPPT,ABI3BP
ADAM21,ABCC12,ACP6,ARHGDIB,APOBEC3H,ATP1B1,ACKR1,AEBP1,APBA2,ARHGEF35,AFG1L,C14orf177,ADGRL2,APEX2,AGBL5,AKT3,ACADM,ALDOC,ANKRD18B,ADCK1,ACO2,ABL1
ADAMTS15,ABCD1,ACRV1,ARL8A,C13orf46,ATP5IF1,ACSBG1,AGO2,ARMCX1,BPIFC,AKAP14,CCNB2,ADIPOR2,ARHGAP40,ALG2,ALDH9A1,ACYP2,AMD1,ANXA1,ANKRD22,ACOT7,ACADS
ADAMTS16,ABCD4,ACSM3,ATP6V1E2,C8orf89,ATP5MC3,ACSF3,AJM1,ASH1L,C10orf120,AKAP17A,CD2AP,ADNP,ASMT,ANGPTL7,AP1AR,ADAM11,AMIGO1,ARGFX,ANKS1A,ACTN1,ADAD1
ADAMTS4,ABCG5,ACSS2,B3GALNT2,CABP4,ATP6V1F,ACTL10,AKT2,ATF4,C16orf89,AMOT,CDHR5,AKT1,ATP1A4,ANKUB1,ARHGEF37,ADD2,ANAPC13,ARID5A,APPL2,ACTR10,ADAM12
ADH1B,ABITRAM,ACTR5,BHLHA15,CCDC116,BEX5,ACTL8,ALDH1L1,ATMIN,C17orf97,AQP1,CELA3B,AMDHD2,ATP2A3,APOA2,ARL6,ADD3,ARNT2,ARL9,ASIC2,ACTR1A,ADCY4
ADPRS,ACACB,ADAMTS2,BHLHA9,CCDC24,C12orf57,ADAM2,ALG14,BAG4,C6orf58,ASCL1,CEP131,ANKRD36,ATP6V0D2,APOC4,ARV1,ADGRB1,ASPH,ASB17,ASPM,ACTR2,ADGRD1
AGGF1,ACCSL,ADGRE5,BTF3L4,CCDC87,CA11,ADAMTSL4,AMY1A,BBS7,CACNA2D4,B4GALT1,CHAC1,APLP1,BARHL1,APOL6,ASB6,AHCYL1,ATG4B,ATP2C2,ATG4A,ACTR3,ADORA2B
ALYREF,ACE,ADGRF5,BTNL3,CCL11,CALY,ADAT3,AMY2B,BCAP29,CARD10,BIRC3,CLDN20,ARGLU1,BTN1A1,ARL5C,ATP6V0B,AJAP1,ATP8A2,ATP6V1G3,ATG5,ADAR,ADPRH
ANGPTL4,ACKR2,ADGRG7,C11orf68,CCN1,CAPNS1,ADCY5,ANKHD1,BPGM,CARD8,C7orf26,CNPY1,ARIH1,C17orf107,ASL,ATXN3,AKAP7,CADM1,B3GLCT,AVIL,ADCY1,AFMID
ANKRD10,ACO1,ADRB2,C11orf91,CD1A,CD63,ADTRP,ANKRD11,CABP1,CCDC121,C8B,COL4A6,ARPP19,C7,ATG16L2,B4GALNT4,ALDH4A1,CAMK2G,BAG1,AZU1,AFDN,AGR3
ANKRD37,ACOT6,AFAP1L1,C19orf67,CEMIP2,CEND1,ANKRD20A1,APOL2,CALCOCO1,CENPM,C9,COL6A3,ASAP1,CCL27,AXL,BAZ2B,ALDH6A1,CAMK2N2,BVES,BAAT,AFG3L2,AHCTF1
ANOS1,ADCY8,AGER,C8orf76,CEP83,CLTA,ANKRD34A,ARHGAP17,CD99L2,CFAP299,CCDC134,CORT,ASB8,CEP44,BATF3,BOLA3,ALDH7A1,CAMTA1,C16orf82,BLOC1S3,AGAP3,AIPL1
ANTKMT,ADGB,AGMAT,CABP2,CEP89,CLTB,ANKRD36C,ASRGL1,CDK5R1,CGRRF1,CCDC188,DCN,ATAD3A,CLEC18B,BDNF,BRAP,ANAPC2,CCDC184,C16orf86,BMP4,AGPAT1,AJUBA
ANXA3,ADGRD2,AGTRAP,CHURC1,CFAP65,COX6A1,ANKRD50,BCR,CNTNAP2,CHTOP,CCDC194,DCP1A,B2M,CLEC1A,BEST4,BRSK2,ANKH,CCSER2,C19orf33,BNIPL,AHSA1,AK7
APOLD1,ADGRG6,AHNAK,CKMT2,CH25H,COX8A,ANKRD66,BHLHE41,CPE,COL11A1,CCR9,DDX53,B3GALT1,CLPSL1,BFSP2,BTBD3,ANKRD46,CD59,CA6,C11orf65,AK1,ALB
APPL1,ADH4,AKAIN1,COL15A1,CHRNA9,DIRAS1,ANXA13,BORCS7,CRMP1,CPLX4,CDCA4,DHX9,BABAM2,CNGA1,BHLHE23,C2CD2L,APC,CDH8,CAV2,C1QTNF8,AKAP11,ALDH3A1
AREL1,ADIG,ALPP,COX7B2,CTAG2,DLG4,AP4S1,C7orf50,CTNNB1,CPNE1,CLCNKA,DLL3,BCAS1,CNTD1,BMP15,C6orf226,APEX1,CERK,CCL2,C2orf16,AKAP6,ALG1L2
ARFGEF3,ADIRF,AMH,CRIP1,DCBLD2,DPP8,APOBEC3B,CCDC88A,DIP2B,CSRP3,CMPK1,EDDM13,BCL7A,COL1A1,C14orf28,CCKBR,APOBEC3A_B,CPLX1,CCL20,C4orf17,AKIRIN1,ALKBH1
ARG1,ADORA3,ANAPC15,CRNKL1,DNAI2,EIF3K,APOBEC3F,CD46,DNM1,CWC22,CMTM1,EPHA1,BLOC1S2,CYLC1,C16orf90,CD83,APOD,CYB5B,CCN2,C4orf19,AKR1B1,ALPG
ARHGAP11B,ADRA2B,ANGEL2,CSRP2,EPOP,ELOB,ARID2,CDKL1,DUT,CYP2B6,CMYA5,FAM78B,BRINP1,CYP2F1,C19orf38,CDC42BPA,APOE,DLD,CDC42SE1,C8orf86,ALDOA,ALPK1
ARHGEF4,AIF1,ANKRD55,CTXND2,ERN1,EPB41L1,ARL5B,CENPB,EEF2K,DCAF12,COL18A1,FAM9C,BRPF3,DAOA,C19orf71,CEBPG,ARFRP1,DYNLL2,CDH9,CARD14,AMPH,AMMECR1L
ARL16,AKR1C4,ANO6,CX3CL1,FAM222A,FAIM2,ARPIN,CHRDL1,EIF3G,DCLRE1C,CRABP1,FGF10,C3orf14,DENND2C,C1orf146,CFAP47,ARHGAP21,EPDR1,CETP,CCND1,AMZ2,AMN
ASMTL,AKT1S1,AP4B1,CXCR3,FAM24B,FGF12,ASB1,CIZ1,EIF4E,DEFB116,CTNNAL1,FKBP5,CA2,DKK2,C1orf53,CHPF,ARPP21,FAM168A,CFAP161,CD300C,ANXA6,ANKRD29
ATAD3C,ALAD,AP4M1,DCC,FCGR2B,FXR2,ASB16,CLEC11A,EIF4H,DLEC1,CTRB2,FST,CADM4,DPEP3,C1orf74,CLEC16A,ATAT1,FARSA,CRACR2A,CD40LG,AP2A2,ANKRD44
ATG12,ALOX12B,APOL5,DENND2D,FCHSD2,GABARAP,ASB3,CORO6,ENOPH1,DOCK11,CXCL13,FZD3,CAMKK2,DRAXIN,C1QTNF1,CRKL,ATG13,FBXL17,CRYGD,CD48,AP2B1,ANKS4B
ATP2B4,ALOXE3,APTX,DHFR2,GLI2,GLO1,ATG16L1,CPNE3,EPN1,DPPA5,DCAF13,FZD9,CAMKV,DSCC1,C20orf202,CRTC1,ATG9A,FKBP8,CXorf66,CDH15,AP2M1,ANTXR1
AUNIP,AMDHD1,ARHGAP24,DNAH14,GORAB,INA,ATL3,CRYZL1,EPS15,DYNAP,DNAH5,GID8,CCNL1,DUOX2,C5orf52,CTIF,ATN1,GRIN1,DCDC2C,CENPL,AP2S1,AQP8
B3GALNT1,AMER1,ARHGAP8,DNAJB13,GPATCH2,ISCU,ATP8B4,CTDSP2,EVL,EBF2,DOCK8,GLRA2,CCNQ,DUSP15,CABCOCO1,CTNNBIP1,ATP1A2,GRINA,DDX11,CETN1,AP3D1,ARHGAP15
BACH1,AMIGO2,ARHGEF1,DPH1,GPIHBP1,LDHB,AVPR1A,CYP2A6,F8A1,ECI1,DUX1,GPAT4,CCSER1,ECHDC3,CALML5,CUX2,ATP1B2,HCN2,DMRTC2,CLEC2A,AP3M2,ARHGAP39
BAGE3,AMT,ARHGEF15,DPYS,GPR171,LGALS1,B3GALT2,DDRGK1,FAM118A,ENOX1,EGF,GSTA1,CDC5L,EFCAB12,CARMIL2,CYB561,ATXN2,HNRNPK,DPP9,CLP1,AP3S1,ARHGAP6
BBC3,ANGPTL6,ARMH3,DRD4,IFI6,MAGED1,B3GNT4,DEAF1,FAM169A,EPS8,EPHX2,HAAO,CELSR2,EHF,CASP5,CYB5R3,ATXN2L,HSPB8,DUSP18,COPS7B,APBB1,ARHGEF33
C14orf119,ANKRD24,ART5,EEF1AKMT4,INS,MAP1A,B9D1,DOC2B,FAM171A1,FAM170A,ERCC5,HBA2,CEP97,ENTPD8,CBX8,CYP26B1,ATXN7,KIF5A,E2F8,CSF2RB,APLP2,ARID4B
C1orf21,ANKRD40CL,ARVCF,ELAVL1,INSL5,MAP1LC3B,BCL2,DPYSL2,FBXO41,FAM20B,FAM110C,HBB,CLINT1,ESCO2,CCDC122,DAB2IP,BAHCC1,LIMK1,EDN1,CXCL10,APMAP,ARL14
C9orf85,AOPEP,ASB10,ENDOV,ISLR,NCS1,BCORL1,DVL3,GPATCH11,GALNTL5,FAM110D,HDX,CLNS1A,FABP2,CCDC125,DDHD1,BCL2L1,LZTS3,EDN3,CXCL12,APP,ARL4A
CACNA1E,AP1S3,ASB11,EPX,KCNE2,NDUFA10,BDKRB2,EFHD1,HAPLN4,GATA6,FAM166C,HJV,COPE,FAM186A,CCDC152,DEK,BEX3,MAEA,EFCAB8,CYB561D1,ARF1,ARMS2
CARHSP1,APH1B,ASB14,ETFBKMT,KRT19,NDUFB1,BEST1,EMC10,HNRNPD,GIPR,FAM237A,HOXC13,CRIPT,FLNB,CCDC18,DENND5B,BGN,MAPK6,EGFL6,CYREN,ARF3,ARSD
CCDC28B,APOBEC2,ASB18,ETS2,KRT7,NME1,BEST3,EMD,HNRNPDL,GRIA3,FBXO25,ING2,CTNND2,FOXA2,CCDC33,DMAP1,BIN1,MEST,EPB41L4A,DACH1,ARHGAP44,ART4
CCDC50,APOBEC4,ASCL5,FAM102B,LIX1L,NME2,BOC,EPHX1,HOOK3,GRIN3B,FCRL3,INSYN1,CYTH2,GABRR1,CCL17,DNAAF9,BRD4,MYL6B,EXO1,DEFB114,ARHGDIA,AS3MT
CCDC8,APOC1,ASGR1,FAM71B,MCEMP1,NPM1,BOK,ERBIN,HS3ST4,H2AC1,FGD3,IQCE,DCAF1,GINS4,CCL21,DNAJC15,BRD8,NAP1L5,FAM120AOS,DLX5,ARHGDIG,ASB7
CCNB1,APOC3,ATP10D,FFAR1,MICB,NUCB1,C11orf54,ETNPPL,IDS,HEY2,FOLR2,KCNN3,DCP2,GTSF1L,CCNI2,DSTYK,C1QBP,NCKIPSD,FAM205C,DMRTA2,ARHGEF3,ASXL1
CCNC,ARHGEF10L,AVPR2,FOXRED2,MLIP,OLFM1,C12orf40,EYA1,KAZN,HIP1R,FOSB,KCTD7,DDN,HMBS,CD163,EEF1E1,CAB39,NDRG4,FAM47B,DNAJB5,ARHGEF9,ATP13A5
CCNK,ARHGEF38,B4GALT7,FSTL3,MTARC2,PAFAH1B2,C16orf96,FADS1,KCNH5,HSD17B1,GCNT4,KLF18,DEGS1,IGFL4,CD300LG,ELK1,CACNA1A,NEFL,FANCF,DUS2,ARL2BP,ATP1B4
CD320,ARHGEF39,BAG2,FZD7,MX2,PGAM4,C17orf98,FAM107A,KIF3A,HSD17B10,GINS3,KRT83,DENND4C,IL26,CD5L,EPRS1,CACNA2D3,NSG1,FIGNL2,DUSP4,ARL6IP1,ATXN3L
CDC25B,ARMH2,BBS5,GLRX2,MYL1,PIN1,C1orf167,FAM162B,KPNA5,HTR7,GNLY,LAMB1,DGKZ,INHA,CDC6,ESYT1,CALCOCO2,PCSK1N,FOXP3,EPHX3,ARL6IP4,BATF2
CDKN2A,ARSF,BMP3,GMCL2,MYOM2,PKM,C1QL1,FAM217B,LARP6,IFT88,GVQW3,LIPT1,DHPS,ITLN1,CDH5,ETFB,CAMK2D,PDXK,FUT7,ERICH4,ARL6IP5,BCL2A1
CELF6,ARSI,BOD1L2,GP5,NDC1,POLR2E,C5orf46,FBXO2,LETMD1,IL36G,HEXB,LRIG3,DIRAS2,KCNJ16,CDR2L,ETFDH,CAPN2,PLEKHM2,GFER,FAM151B,ARL8B,BCL2L11
CEP85L,ASB2,BPIFB4,GPR137,NEK2,POLR2I,C6orf141,FBXO44,LRP1,IQCG,HNRNPF,LRRC37B,DMD,KIF2C,CEBPE,ETNK1,CBR1,PLEKHM3,GKAP1,FBLN2,ARMCX3,BHMT2
CFDP1,ASB9,BRDT,GRIN3A,NUDT15,PRKACA,CACNG6,FERMT2,LSM3,KCNE1,HSPB1,LYN,DNAJC13,KLHL17,CEP70,ETV3,CBWD2,PPP1R12C,GPC5,FBN3,ARPC3,BMP2
CKAP4,ASF1B,BTBD11,GSE1,NXPE4,PRKCZ,CALHM1,FURIN,MARK2,KIF15,HTR3E,MAML3,E4F1,KLRD1,CHST14,FAM135A,CBX4,PRDX3,GPRC5D,FFAR2,ARPC4,BMPR1A
COL19A1,ATP4A,BTBD16,H2AC15,OR1E3,PSMD8,CCDC144A,FUT8,MPP1,KLK13,IDI1,MARCHF11,EIF3H,KRT17,CILP,FAM13B,CCAR1,PRKAR1B,GSDMA,FKBP14,ARPC5L,BORCS6
COL25A1,ATP4B,C18orf54,HACD4,OR51M1,RAD23B,CCDC163,GGA2,MPP5,KLRB1,IGDCC3,MLH1,ELP3,LAMA3,CLCA2,FAM163B,CCM2,PSMD12,HLA-DOA,GALNT12,ASNS,BPIFA1
COL4A2,ATP9B,C19orf73,HADHB,OVCH2,REEP2,CCDC187,GLUL,NANS,LDHC,IGFN1,MTRNR2L5,EMC7,LEUTX,CLCN1,FAM199X,CCNL2,RABGAP1,HOXA13,GAS2L3,ASTN1,BRPF1
COL5A1,AVPR1B,C1orf50,HDGFL2,PRDM1,RNF187,CCDC63,GOLGA3,NDUFS2,MCM5,IGHA1,NMT2,ETV1,LMNB2,CNTROB,FBLL1,CCNY,RABL6,HOXA7,GNAT2,ATL1,BTC
COX16,B3GALT4,C20orf173,HMSD,PRDM14,RPL28,CCDC85C,GRIA4,NEDD8,MMEL1,IL19,NOL12,ETV5,LRRC1,COA7,FBXO28,CCP110,RELL2,HOXB1,GNB4,ATP13A2,BTK
CPXM2,BANK1,C2orf78,HOXA3,RAB25,RPL29,CCL7,GRN,NIPAL3,MPL,IL9,NPR1,EWSR1,LRRC52,COL24A1,FNDC10,CDC34,RIMKLA,HOXB5,GNG8,ATP1A3,BUB1
CRTAC1,BCHE,C5,HRCT1,RPS6KA4,RPL41,CCN3,GTF2A2,NMNAT2,MPST,IQANK1,OR5M1,FAHD2B,LY6G6C,COMTD1,GABRD,CDK11A,RPS14,IFNAR2,GPR156,ATP1B3,C11orf52
CSNK1G3,BHMT,C8A,HS3ST3A1,SIGLEC14,RPS6,CCN4,HBA1,NOP56,MRM2,KCNG2,PANK4,FAM156A,MAK,COQ2,GALT,CDK5RAP3,RPSA,IGSF22,GPR65,ATP2A2,C11orf86
CTSO,BIK,C9orf131,IDO2,SLAMF1,SARS1,CDKN2B,HDAC11,NRDC,MTFR1,KRTAP13-3,PCSK9,FAM171B,MMP10,CORO2A,GLOD4,CDKN1B,SCG3,IL17B,GPSM3,ATP2B1,C11orf97
CTSV,BIRC7,C9orf50,IGFLR1,SLC15A5,SCN8A,CEMIP,HIF3A,OSBPL1A,MUC20,MARCHF3,PF4V1,FAM3C,MORN2,CPA6,GMPR2,CELF1,SCN1A,IL1RL2,GTF2F2,ATP2B2,C12orf71
CTXN1,BMF,CACHD1,IGLL5,SLFN13,SDCBP,CENPVL3,HMGN1,OTUD5,MUC5B_WTA,MARCOL,PHACTR2,FAM81A,MOSPD1,CPED1,GNL3L,CEP250,SNCB,IMPA2,HMX2,ATP2C1,C14orf39
CWC25,BNIP1,CACNA1G,IL1RAP,TBX19,SDHA,CEP78,HSD17B12,P4HB,MYO15A,MBTD1,PLEKHA5,FAM8A1,MRE11,CPZ,GPC1,CHCHD10,SNX13,INO80E,IBSP,ATP5F1A,C16orf78
CWF19L2,BRF2,CALD1,ISLR2,TENM4,SLC22A17,CFAP157,HTRA1,PCDH7,NICN1,MED17,PPIL2,FBLN7,MYOG,CRYBB2,GPR176,CHCHD5,SPG7,IQCA1,IFNE,ATP5F1B,C1orf94
CXorf51A,BRWD3,CAPN5,IZUMO2,TEX13A,SLIRP,CGNL1,IFITM3,PCYOX1,NIPSNAP3A,MRM1,PRR23D2,FBXL2,MYOT,CT83,GPX3,CHD9,SRI,ITGBL1,IFT74,ATP5F1C,C20orf141
CYB5D1,BTNL8,CASP4,KATNBL1,TEX51,SPTAN1,CHRFAM7A,ILVBL,PDCD6IP,NPHS1,MTRNR2L3,R3HDM4,FBXW4,MYT1,CYP19A1,GRIK5,CHMP1A,SRSF1,KCNJ10,IL2RA,ATP5MC1,C20orf144
DARS2,BUD13,CASQ1,KCNE5,THBD,SPTBN2,CHST2,IRS2,PDE2A,NUDT18,MYO19,RAG1,FIP1L1,NCAPH,CYP1A1,GTF2IRD1,CHMP4A,SVIP,KCNJ15,IL3RA,ATP5MC2,C2CD6
DFFB,C10orf82,CAVIN1,LAMC1,TNFRSF13B,SPTBN4,CIITA,KCNC1,PITRM1,ODAM,NAIF1,RDM1,FLYWCH2,NTRK1,CYP20A1,HLTF,CHRNB2,SYT13,KCNK2,IL9R,ATP5ME,C2orf49
DGKG,C15orf39,CCDC102B,LMBRD2,USF1,SRP14,CLDN12,KCNC3,PPME1,OIT3,NKD1,RGS11,FSTL4,NTS,CYP4A22,HMGB3,CKB,TBC1D9,KIF25,KCNRG,ATP5MF,C2orf91
DHCR7,C15orf61,CCDC105,LRATD2,VSIG10L,STMN3,CLEC10A,KDM2A,PRR13,OR2L13,NSUN7,RRP12,FUBP1,OCEL1,CYYR1,IBA57,CLCN4,TBCA,KIF7,KRCC1,ATP5MJ,C8G
DHRS11,C16orf74,CCDC141,LYSMD4,WNT7B,STX1B,CLEC2B,KIAA0319L,PRRC2B,OR4A16,OOSP4B,RTP4,FUT9,OR10A4,DCDC2,IER3IP1,CLDND1,TMCC2,KLF4,KRI1,ATP5MK,C8orf33
DIAPH2,C19orf54,CCDC15,MAGEC1,XKR4,TAX1BP1,CLLU1-AS1,KLHDC8B,PSMB4,OR6Y1,OR2T8,SH2B2,GABRA3,OR13A1,DDI1,IFI27L2,CLIP1,TOM1,KRT78,KRTAP2-1,ATP5PB,CA14
DIDO1,C19orf81,CCDC190,METTL25,ZSCAN21,TCEA2,CNTLN,KLHL24,PSMD7,PFN4,OR5K4,SLC22A4,GATAD2B,OR13C3,DDIAS,IL10RB,CLU,TPGS2,KRTAP20-2,LMNB1,ATP5PD,CA3
DMAC2,C1orf162,CCDC71L,MTIF2,,TMEM130,COG3,KMT2A,PTPRM,PLCB3,OR8U9,SLC41A2,GATM,OR6B1,DEFB105A,IL24,CMA1,TPPP,LEMD1,LRRC8E,ATP5PF,CAPN6
DNAJC10,C21orf62,CCDC88C,NAV1,,TMX4,COL7A1,LCNL1,PWWP3A,PPIC,OTUD7B,SLC9A2,GDA,OR6P1,DEFB129,IL6ST,CNDP2,TRNP1,LHFPL3,LRRD1,ATP5PO,CARD17
DNAJC24,C21orf91,CCDC9,NPY,,TTC3,COQ10A,LDB1,PYCR2,PRR7,PDLIM4,SMG1,GFRA2,ORMDL2,DEPDC5,INIP,CNIH1,TSN,LYZL4,LY6G6F,ATP6AP1,CARD18
DOK1,C3orf62,CCM2L,NUDT13,,TXNL4A,COQ8A,LHFPL6,RAB12,PSCA,PLG,SMIM8,GIT2,P3H2,DHRS13,KCNS1,CNP,TSPYL2,MAGEA10,MAML1,ATP6AP2,CAV3
DOK6,C4BPB,CCN6,OR4E1,,UCHL1,CREG1,MARCHF2,RAB37,PTGIS,PRSS21,SPANXN4,GPLD1,PAX3,DIPK2A,KLHDC10,CNTFR,UBE2L3,MARCHF1,MAP3K8,ATP6V0A1,CBLL2
DUSP1,C5orf47,CCT8L2,OR5AN1,,ZMAT2,CRTC3,MAT2A,RBBP4,PWP2,PRSS27,STX10,GPM6B,PEDS1,DMKN,KNDC1,CNTN2,UBXN6,METTL7B,MAP7D3,ATP6V0C,CCDC157
DXO,C5orf58,CD1B,PAPPA2,,,CRX,MBIP,RELT,RASSF8,PTX4,SULT2B1,GPR108,PHLDA1,DRC1,LAMP5,COG2,VPS4A,MFAP3,MARVELD1,ATP6V0D1,CCDC158
DYNLT1,C6orf163,CD200R1,PBLD,,,CRYBA1,MCF2L,RNF130,RBM4B,RHCE,TAAR1,GPR22,PHLDB2,DRD2,LAMTOR4,COG6,VSNL1,MRGPRX2,MCUB,ATP6V0E2,CCDC160
ECE2,C6orf223,CD209,PIGB,,,CSAG3,MDM4,RPL10A,RC3H2,RNF212,TCEAL5,GRAMD1B,PIN4,EIF2B3,LAP3,COPS3,WBP2,MTUS2,MED18,ATP6V1A,CCDC177
EDNRB,C8orf48,CD22,POFUT2,,,CSN2,MED28,RPS5,RCN1,SALL4,TLR1,GRHPR,PLA2G12B,ERV3-1,LCP2,COX7A1,ZBTB4,MYOCD,MGARP,ATP6V1B2,CCDC183
ELOVL2,C9orf47,CD247,PPIL4,,,CSNKA2IP,MGRN1,RRAGA,REXO2,SERPINB3,TMEM238,GRIA2,PLA2G4F,EVA1B,LPIN2,CPPED1,,NDUFC2,MGAT4A,ATP6V1D,CCDC192
ELP1,C9orf72,CD248,PPP1R2B,,,CST1,MIGA2,SCARB2,RGR,SLC10A7,TNFAIP8L2,GSTO1,PLD2,EVX2,LRP10,CRYAB,,NEUROG1,MORC4,ATP6V1E1,CCDC57
EN2,CALCR,CD300LB,PPY,,,CST4,MT1A,SCN1B,RRH,SLC4A3,TRAFD1,GSTT2,PRAF2,F10,LUZP1,CSRP1,,NLE1,MS4A13,ATP6V1G1,CCDC70
ENPP3,CALR3,CD70,PRR14,,,CST5,MT1E,SDHAF4,SASH1,SLC9A3,TRAM2,H1-2,PRR19,F2RL2,MACF1,CST3,,NLRP12,MST1,ATP6V1G2,CCDC81
ERP44,CAND2,CDCA7,PRSS35,,,CXCL6,MT1F,SEPTIN4,SERPINB7,SPEM3,TRAPPC2,H2AZ2,PRR23B,FAAP100,MACO1,CTDNEP1,,ODF3L2,MTF1,ATPAF1,CCDC9B
FABP7,CAPN11,CDH22,PRSS37,,,CYB5RL,MT1G,SEZ6L2,SERPINI2,SSX4B,TRIM66,H4C2,RAB38,FAM151A,MAP7D2,CTNNA1,,OR1A1,MTNR1B,ATXN10,CCIN
FAHD1,CAPN13,CDK15,RAB29,,,CYP2S1,MT1M,SH3BGRL,SIX4,STYX,ULBP3,HAGH,REG3G,FAM177B,METTL22,CTSF,,OR2T35,MYLK2,ATXN7L3,CD3D
FAM209A,CAPN14,CDK3,RECQL,,,CYTL1,MT1X,SLC9A7,SLC39A2,SULT1C4,USP4,HDHD2,RETNLB,FAM209B,METTL2B,CTTN,,OR5B2,NAT8,ATXN7L3B,CD4
FANCL,CAPN3,CDNF,RELB,,,DCHS2,MT2A,SLITRK5,SLC3A1,TAF6L,WFDC11,HERC1,RFC2,FAM228A,MGAT3,CUL2,,OR5D18,NECAP2,B4GALT5,CD69
FBXL14,CAPN8,CDR1,RMDN2,,,DEFB112,MTUS1,SNRPD2,SPAM1,TBC1D7,ZDHHC12,HHATL,RFPL4A,FAM53A,MINPP1,CWC15,,PACS1,NFE2L2,B4GAT1,CD7
FBXL4,CARD19,CENPBD1,RPA4,,,DEFB118,MYCT1,SPAG9,TAS2R43,TEC,ZNF630,HIPK2,RPUSD2,FAM83C,MKNK1,DAGLA,,PANK1,NIBAN2,BAP1,CDC14A
FBXO6,CASP3,CEP295NL,RPN2,,,DHX32,MYO6,TALDO1,TBC1D32,TMEM218,ZNF696,HPCA,SCT,FAS,MPPED2,DAPK1,,PAQR9,NME6,BCAP31,CDH16
FFAR4,CASR,CHD1L,RXFP4,,,DLGAP2,NDRG1,THAP5,TCEANC,TREML1,,IFT80,SEC14L3,FIGLA,MRPL55,DAZAP2,,PARVG,NR1I2,BCAS2,CDK1
FKBP11,CASTOR1,CHP2,SATB1,,,DNAJC12,NDRG2,THOC7,TCTN2,TTK,,ILKAP,SGK2,FJX1,MRPS14,DBNDD2,,PDE6G,NR2F2,BEX1,CDKN2AIP
FLVCR1,CAT,CHSY1,SDK1,,,DNAJC17,NEURL4,THRA,TDRP,USF3,,INPP5A,SLC10A2,FNDC1,MRPS22,DCAF8,,PIWIL1,OR2G6,BEX2,CEACAM19
FNIP1,CC2D2A,CHTF18,SELENOS,,,DNASE1L2,NFIC,TMEM59,THAP6,USH1G,,ITM2C,SLC34A3,FOXQ1,MRPS7,DCUN1D1,,PLA2G4C,OR4P4,BEX4,CEACAM8
FOS,CCBE1,CKAP2,SEPTIN10,,,DPP4,NGB,TMEM74B,TM4SF18,USP41,,KDM4A,SLC35G1,FRMPD3,MTRNR2L1,DDOST,,PNLIPRP1,PAGE2B,BLCAP,CEL
FOXD4L4,CCDC110,CLBA1,SERTAD1,,,DPRX,NPIPB6,TOMM70,TMED8,WASHC5,,KIAA1549L,SOX15,GALNT4,MX1,DDX17,,PNP,PDGFC,BLOC1S1,CENPH
FOXK2,CCDC130,CLCN2,SH2D4B,,,DPYD,NQO1,TSC22D1,TMEM108,WNT5A,,KLHL9,SPATA32,GASK1A,MXD4,DDX25,,PPOX,PEMT,BLOC1S6,CEP128
FSTL1,CCDC150,CLDN17,SIMC1,,,DUSP6,NR1D1,TUFM,TMEM65,ZFP2,,KPNA2,SPIB,GBP2,NAA20,DDX39B,,RBM41,PHYKPL,BMERB1,CEP57L1
FTSJ1,CCDC179,CLEC14A,SKAP1,,,DUXB,NRBP2,UBAP2L,TRAF3IP2,ZNF174,,LARP1B,SPO11,GCH1,NACC1,DDX5,,RBMS1,PIK3R5,BMPR2,CFAP77
FZD2,CCDC189,CLEC2D,SLC19A1,,,E2F3,NSUN6,UBB,TTC24,ZNF626,,LIMCH1,SPRR2F,GDF5,NAT8L,DDX6,,RCAN3,PRELP,BNIP3,CFHR4
G6PC3,CCDC196,CLNK,SLC45A3,,,EBI3,ORMDL3,UBE2D3,TUFT1,,,LMAN2L,TAS2R40,GDNF,NECAB3,DHDDS,,RHOJ,PRRG1,BRD2,CHEK1
GADD45B,CCDC73,CLPX,SMIM32,,,EGLN1,PCBP4,UCHL5,VCY,,,MACIR,TBX21,GFY,NEFH,DLG1,,RINL,PRSS8,BRI3,CHEK2
GATD1,CCDC83,CLUL1,SMIM43,,,EIF4EBP1,PCF11,UPK3BL1,VEGFC,,,MAPK14,TEX19,GIMAP1,NEFM,DNAJB6,,RNF39,PTGS2,BRK1,CHIA
GFOD2,CCKAR,CMC1,SNAI1,,,ELK4,PCNX1,VAMP4,VSX2,,,MEGF10,THBS1,GJE1,NENF,DNAJC19,,RUNX1,PXDN,BRSK1,CHRNA5
GNL1,CCL25,CNNM2,SPATA5L1,,,ELOVL1,PFKL,VAPB,WDR86,,,MEGF8,TMX1,GLIPR1L1,NEUROD2,DTNB,,SBNO2,PYDC1,BRWD1,CHST13
GOLGA8J,CCNG1,COCH,SRGAP3,,,EN1,PHF12,VPS29,ZBTB46,,,MINDY2,TNN,GLOD5,NFASC,DUSP22,,SCAF4,RBM38,BSCL2,CLCA1
GPD2,CCNO,COL9A1,STXBP3,,,ENOSF1,PHLDB1,WASHC1,ZDHHC19,,,MLXIPL,TP53AIP1,GPR148,NR2C1,ECHS1,,SEMA3A,RBM46,BSG,CLDN18
GPR137C,CCR3,COP1,TAS2R41,,,ENPEP,PITX1,ZC3H11A,ZDHHC4,,,MPDZ,TRIM4,GPR174,NRBP1,EDIL3,,SERTAD4,REXO4,BTBD10,CLDN2
GPR27,CCR7,COQ6,TEX13B,,,ENPP1,PLA2R1,ZFAND5,ZNF441,,,MRPL19,TRIM43,GRID2IP,NRG3,EIF3F,,SIN3A,RGS9,BTF3,CLEC3A
GRIN2B,CD200R1L,COQ8B,TGFB3,,,EP300,PLCH1,,ZNF569,,,MRPL42,TSKU,H4-16,NT5DC3,EPHA10,,SLC26A11,RPAP2,BTRC,CLSPN
GRIN2C,CD34,CPLX3,TMEM134,,,EPHA2,PLCL1,,ZNF652,,,MRPS23,TSNAX,HAUS2,NTPCR,EPHA4,,SLC6A14,RPE65,C1orf216,CLTCL1
GSDME,CD6,CPNE6,TMEM184C,,,EPS8L1,PLEKHG5,,ZNF675,,,MTURN,WDR38,HAUS8,NTRK3,EPHB6,,SLCO1B3,RPGRIP1L,C4orf3,CMTM2
GUCY2F,CD72,CRIP2,TMPRSS4,,,EQTN,PLXND1,,ZNF814,,,NAGPA,XKR3,HES3,NUP58,EPS15L1,,SMIM10L2A,RSPH10B2,CACNB4,COL8A2
H2AC17,CD84,CRLF3,TRHR,,,ETDC,PMP22,,ZNF841,,,NCAM2,ZBTB14,HOXA1,NUP93,ERBB4,,SPICE1,S1PR4,CACYBP,COLEC11
H2AC20,CD96,CRNN,TRIP11,,,EVI2A,PMPCA,,,,,NCAN,ZNF404,HSD17B3,OBSL1,ERVW-1,,STARD9,SAP25,CADM2,CPN2
H2BC11,CDC45,CRYBA2,TTC1,,,EVPLL,PNKD,,,,,NCBP2,ZNF556,HSPG2,OSGIN1,ESYT2,,STK36,SCGB1D2,CADM3,CPVL
H2BC4,CDCP1,CRYBG3,USP25,,,EXOSC2,PPP1R1B,,,,,NDST1,,HTR3A,PAAF1,EXOC7,,STN1,SEMA3E,CALM1,CRCT1
H2BC5,CDK19,CSDC2,USP43,,,F2R,PPT2,,,,,NDST3,,ICOS,PAX6,EZH1,,SULT1B1,SFRP2,CALM2,CRHR2
HAMP,CDK2,CSKMT,VAX1,,,F8A2,PTPRF,,,,,NEDD4L,,IGFBP3,PBRM1,FAM168B,,TEX10,SIGLEC7,CALM3,CRYGA
HCRTR2,CDRT4,CST9,VSIG2,,,FAM240C,PTPRG,,,,,NFIB,,IL6,PCDH8,FAM171A2,,TFE3,SIRT1,CALR,CSF3
HEATR5B,CDX1,CSTL1,XRRA1,,,FAM83H,RAB40C,,,,,NIT1,,INSYN2A,PEX26,FAM193B,,THBS3,SLC13A3,CAMK2B,CST11
HECA,CEACAM5,CTAGE1,ZMYM1,,,FBLN1,RAB5A,,,,,NR2F1,,ISY1,PHC2,FAT3,,THOC1,SLC22A23,CAMTA2,CTCFL
HILPDA,CENPN,CTLA4,ZNF597,,,FBXO17,RASD2,,,,,NSMAF,,ITGB7,PHF24,FBRS,,TMC4,SLN,CAND1,CTPS1
HLA-G,CENPU,CXCL17,ZNF616,,,FBXO43,RBM3,,,,,NTRK2,,ITIH2,PIAS1,FBXO11,,TMEM117,SOWAHC,CANX,CTSE
HLCS,CEP126,CXorf38,ZNF879,,,FCER1A,RFX3,,,,,NUAK2,,ITPR3,PIK3C3,FEZ1,,TMEM132D,SPRN,CAP1,CTSK
HNMT,CEP85,CYB561A3,ZRSR2,,,FCGBP,RGS5,,,,,OR5V1,,KANK2,PIK3CA,FGFR3,,TMEM71,SPTBN5,CAP2,CTXND1
HNRNPCL4,CFAP43,CYBB,,,,FCGRT,ROMO1,,,,,OXCT1,,KCNE4,PNCK,FIBP,,TMEM74,SS18L2,CAPZB,CUL5
HPCAL1,CFAP61,CYP1A2,,,,FCHO1,RPLP0,,,,,PARP1,,KHK,PNMA3,FKBP3,,TMIE,STK11IP,CASD1,CYP2C18
HSD17B2,CFB,CYP3A5,,,,FCMR,RPP25,,,,,PCDH10,,KIF12,PNPLA6,FKBP9,,TMPRSS11F,STYXL2,CCDC92,CYP3A7
IFI27,CFP,DCAF4L2,,,,FGF18,RUFY1,,,,,PDIK1L,,KLHL35,POLR3H,FLCN,,U2AF1L4,SYCN,CCND2,DAPL1
IKBKE,CHIC2,DCAF8L1,,,,FHDC1,S100A1,,,,,PEX5L,,KLK12,PRKDC,FLRT2,,WAPL,TMEM140,CCT2,DCLK3
IL12B,CHIT1,DCSTAMP,,,,FIGN,S100A13,,,,,PLCB1,,KLRC2,PSD3,FOXN3,,WDFY2,TMEM17,CCT3,DDIT4L
IL17A,CHRNB3,DDX3Y,,,,FLG,SCARB1,,,,,PLPP7,,KRT76,PSMD13,FOXP1,,ZMYND15,TMEM35B,CCT5,DDX60
IL17RA,CIAO2A,DEF6,,,,FMO1,SCRG1,,,,,PLPPR4,,KRT80,PSMD5,FSD1,,ZNF260,TNFSF13B,CCT6A,DEFB110
IL1B,CIART,DEFB135,,,,FOSL1,SDC4,,,,,PLXNB1,,KRTAP17-1,PSME1,FTH1,,ZNF561,TNFSF8,CCT8,DEFB124
IL1R1,CIB3,DEPP1,,,,FOXB1,SDCCAG8,,,,,PMP2,,KRTAP19-4,PTPN23,FUBP3,,ZNF750,TNFSF9,CDC37,DEFB130A
INPP1,CISH,DESI2,,,,FOXF1,SERPING1,,,,,POLR2F,,KRTAP19-5,PWP1,FUS,,ZNF763,TPSAB1,CDC42,DEFB131A
INPP5D,CLDN23,DET1,,,,FOXL3,SETD5,,,,,PPFIA2,,KRTAP3-2,QSOX1,FXYD1,,ZNF778,TTC29,CDIP1,DEFB4B
ITGB3,CLDN25,DGAT2L6,,,,FZD5,SH3GLB2,,,,,PPP1R10,,KRTCAP3,RAB31,G3BP1,,,VIT,CDKN2D,DEUP1
JCAD,CLDN9,DHX58,,,,GALK2,SLC14A1,,,,,PPP1R9B,,KY,RANBP3L,GABRA2,,,WDR36,CDS2,DHH
JOSD2,CLEC18A,DIO1,,,,GALNT3,SLC1A2,,,,,PPP2R5A,,LAX1,RBIS,GAD1,,,ZAP70,CDV3,DHRS9
JUNB,CLEC4C,DNAAF10,,,,GAN,SLC20A2,,,,,PPP3CA,,LCE2A,RERG,GCA,,,ZFP69,CELF2,DHX33
KCNA1,CLECL1,DNAAF6,,,,GEN1,SLC25A18,,,,,PRRC2A,,LGALS7B,RRM2B,GDE1,,,ZNF154,CELF4,DIP2C-AS1
KCNK3,CLMN,DNAH11,,,,GFAP,SLC25A20,,,,,PRRT2,,LHFPL1,RRP1,GDF1,,,ZNF586,CERS6,DIRAS3
KCNK7,CLRN2,DNAH2,,,,GFRA3,SLC48A1,,,,,PSMA3,,LRFN2,SAP30L,GDPD1,,,ZNF716,CFAP36,DMP1
KIAA1586,CNN2,DNAJC25,,,,GH2,SLC6A12,,,,,PSMA4,,LRRC74B,SARNP,GIT1,,,ZNF786,CFL1,DMRT1
KLF2,CNOT1,DNASE1L1,,,,GINS2,SMARCD3,,,,,PTPRZ1,,LSG1,SCAMP4,GJA1,,,,CGGBP1,DNAAF4
KLF7,CNTRL,DNASE1L3,,,,GJA5,SPATS2L,,,,,RAB11FIP3,,LSR,SCN4B,GJB6,,,,CHCHD2,DNMBP
KLHL2,COL13A1,DNMT3L,,,,GJA9,SPSB3,,,,,RAB11FIP4,,LTBP2,SEC24B,GLS2,,,,CHGB,DOK2
KRT27,COL22A1,DNTT,,,,GLI1,SRCAP,,,,,RAB14,,MALT1,SEM1,GLUD1,,,,CHL1,DOT1L
KRTAP27-1,COL5A3,DPCD,,,,GLI4,SRRM3,,,,,RACGAP1,,MCCD1,SEMA6D,GNAQ,,,,CHMP1B,DPEP1
LANCL3,COL6A2,DRGX,,,,GLIS3,SSB,,,,,RAPGEF5,,MED30,SEPTIN9,GOLGA7,,,,CHMP4B,DRC3
LATS1,COL6A6,DSC2,,,,GOLGA1,STEAP2,,,,,RBM25,,MED31,SFXN5,GOLM2,,,,CHN1,DTWD2
LCE5A,CPA2,DUSP13,,,,GOLGA8A,STON2,,,,,REPS2,,MGAM,SGSM1,GPHN,,,,CLASP1,DUSP12
LGALS2,CPA5,EBLN2,,,,GPC4,STRADB,,,,,REX1BD,,MGAT2,SH3GLB1,GPR137B,,,,CLCN3,ECSCR
LGI1,CPLANE1,ECM1,,,,GPR15,SUN2,,,,,REXO1,,MINDY4,SIRT5,GRAMD2B,,,,CLIP3,EDAR
LHX1,CPO,EEF1AKMT1,,,,GPR151,TBC1D20,,,,,RNF167,,MRM3,SLC17A6,GRK3,,,,CLSTN3,EEPD1
LIG4,CROCC,EFCAB6,,,,GPR173,TBC1D31,,,,,RPRM,,MYL2,SMIM10L2B,GRM5,,,,CLTC,EFCAB3
LIN7A,CSAD,EFL1,,,,GPR32,TECR,,,,,RPS6KA3,,MYMK,SMIM15,GSN,,,,CMAS,EGFLAM
LOX,CSF1R,EIF2B4,,,,GPR39,TGFB2,,,,,RSRC1,,MYO1E,SNCG,GTF2A1,,,,CNOT7,ELOVL6
LPAR5,CST7,EIF5B,,,,GSTT4,THAP12,,,,,RSRC2,,MYO1H,SNX4,H2AC21,,,,CNRIP1,ENO3
LRRC43,CT47B1,EML6,,,,GTF2IRD2B,TIMP3,,,,,RUFY2,,NADK,SPCS2,H2AC6,,,,CNTN1,EPHA8
LRRC73,CTPS2,EPB41,,,,GUCY2D,TMCC1,,,,,RUNX1T1,,NEXN,SRRM2,H3-3A,,,,CNTNAP1,EPN2
LY6H,CYGB,EPN3,,,,H1-8,TMEM145,,,,,SAMD8,,NHSL1,SRSF2,H3-3B,,,,COA3,ERCC6L
LZTFL1,CYP2C19,EPPIN,,,,H2AC4,TMOD1,,,,,SCD,,NKX2-1,SRXN1,HADHA,,,,COPRS,ERI1
MAGI1,CYP2J2,ERCC4,,,,H2BC14,TMTC1,,,,,SECISBP2L,,NOS1,ST6GALNAC5,HDAC9,,,,COPS4,ERICH5
MBOAT7,CYP4V2,ESAM,,,,H2BC18,TNS2,,,,,SELENOF,,NPBWR2,STAC2,HECW1,,,,COPS5,ERMAP
MCAM,CYP7A1,ESCO1,,,,H2BC3,TRA2A,,,,,SET,,NR0B1,STAT1,HEPACAM,,,,COPS6,ESR1
MCRS1,DAAM2,ESRP1,,,,H2BC9,TRIM61,,,,,SH3BP5,,NT5E,STK39,HLA-C,,,,COPS8,ETS1
MCTP1,DCAF17,EXO5,,,,H2BE1,TTLL5,,,,,SHANK1,,NT5M,STK4,HMGN2,,,,COX14,EXOSC9
MICALCL,DCDC2B,EXOC8,,,,H3-2,TXNIP,,,,,SLC25A27,,NUPR2,STXBP5L,HOMER1,,,,COX4I1,FAAP24
MICALL2,DCST1,F2RL1,,,,H3C2,UPF3A,,,,,SLITRK4,,ODAD2,STXBP6,HPCAL4,,,,COX5A,FAM170B
MID2,DDC,FAM110A,,,,H3Y1,URB1,,,,,SMPD4,,OIP5,SV2C,HSPA2,,,,COX6B1,FAM71E2
MMP9,DDX56,FAM183A,,,,H4C9,USP54,,,,,SOX2,,ONECUT3,TEFM,ICA1,,,,COX6C,FAM89A
MOGAT2,DDX58,FAM185A,,,,HACD1,VSTM2A,,,,,SPOCK1,,OR13C9,TIMP2,ID1,,,,COX7A2,FAN1
MOSMO,DEFB113,FAM47C,,,,HCRTR1,VTI1A,,,,,SPOP,,OR1K1,TMEM63C,ID4,,,,COX7A2L,FANCD2OS
MPDU1,DEFB128,FAM53C,,,,HEATR3,WDR61,,,,,SRPRB,,OR2K2,TPP1,IFNGR1,,,,CREBL2,FBF1
MROH2A,DEFB134,FAM71C,,,,HHLA2,WSCD2,,,,,SRSF3,,OR2T27,TTC39B,IGHMBP2,,,,CSDE1,FCRL1
MRPL12,DEGS2,FASTKD2,,,,HIC1,ZDHHC20,,,,,SSX3,,OR2W3,TTF1,IGSF8,,,,CSNK2A3,FGFBP1
MRPS6,DHFR,FASTKD3,,,,HIRA,ZFP14,,,,,SULT1A4,,OR4N4,TUBB2B,IGSF9B,,,,CTNNA2,FGGY
MSL3,DHODH,FBLIM1,,,,HLA-DQB2,ZMYM3,,,,,SUMO2,,OR51B4,UBE2E2,IK,,,,CTSD,FLT3
MTMR2,DIS3L,FBXL22,,,,HLA-F,ZNF507,,,,,SYBU,,OR51I2,UBE2R2,ILF3,,,,CUEDC2,FLT4
MTRF1L,DLL1,FBXW9,,,,HOXB7,ZNF746,,,,,SYT14,,OR6Q1,UBFD1,IRGQ,,,,CUTA,FNDC8
MUC19,DLX6,FGL1,,,,HROB,ZNHIT6,,,,,TBL1XR1,,OR7C2,UBXN11,IST1,,,,CXXC5,FOXC2
MUC3A,DNAJB12,FHOD1,,,,HS3ST3B1,,,,,,TCEA1,,OR7D2,UHMK1,ITPRID2,,,,CYC1,FOXI3
MZT1,DNAJC27,FITM2,,,,HSPBAP1,,,,,,TERF2,,P2RY1,UNC13C,JAK1,,,,CYCS,FOXN1
NAT14,DPH6,FLG2,,,,IFNA5,,,,,,TGFBRAP1,,P2RY2,UNC79,JAM2,,,,CYFIP2,FOXN4
NEURL1,DPT,FLVCR2,,,,IGF2BP1,,,,,,TIA1,,PALM3,URGCP,KALRN,,,,CYP51A1,FOXR2
NEUROG3,DSG1,FNDC7,,,,IGFBP4,,,,,,TMEFF2,,PCK1,USO1,KCNJ4,,,,CYRIA,FREM2
NFRKB,DSP,FSCN3,,,,IGSF1,,,,,,TMEM258,,PDZD9,USP24,KHSRP,,,,CYRIB,FRMD8
NOC2L,DYNC2I1,FUNDC1,,,,IL11,,,,,,TMEM53,,PDZRN4,VAMP1,KIAA0930,,,,DCAF6,FRRS1
NPAS1,DYNC2I2,FYTTD1,,,,IL1RAPL2,,,,,,TP53BP1,,PEX12,VIM,KIFC2,,,,DCK,FUT2
NR2E3,DYNLT4,GBP7,,,,IL20,,,,,,TRIM2,,PGK2,VMP1,KLHL32,,,,DCTN1,GAB4
NR4A1,DZIP1L,GCFC2,,,,IQCA1L,,,,,,TTC19,,PHF21A,VPS26A,LAPTM4A,,,,DCTN2,GCN1
NUTM2G,EAF2,GCSAML,,,,IRGC,,,,,,UAP1,,PHOX2B,WDR45,LAPTM4B,,,,DCTN3,GIMAP2
OCLN,ECHDC2,GDF6,,,,ITIH5,,,,,,UNC80,,PLA2G4A,WNK3,LDB2,,,,DCTN6,GIMAP7
OLFM4,ECI2,GEMIN5,,,,JMJD8,,,,,,UROD,,PLK3,YIPF6,LENG8,,,,DDAH1,GJA8
OR2T34,EDA2R,GFPT1,,,,KCNAB3,,,,,,USP33,,PPP1R2C,ZC2HC1A,LIMS3,,,,DDB1,GLP2R
OR8D2,EDEM2,GGCT,,,,KCNJ2,,,,,,WDR41,,PRADC1,ZNF574,LINGO1,,,,DDHD2,GLT8D2
PALM2AKAP2,EFCAB10,GGTLC2,,,,KCNN4,,,,,,WDR46,,PRAME,ZNF644,LMO4,,,,DDX1,GLYAT
PCDH12,EFCAB13,GHRL,,,,KCTD18,,,,,,WLS,,PRM3,,LRP4,,,,DDX24,GPA33
PCYT1B,EFCAB2,GJD2,,,,KIAA0754,,,,,,WWC1,,PROKR1,,LRRC41,,,,DDX42,GPR183
PDCD10,EHD1,GK5,,,,KIAA1328,,,,,,XPO1,,PRRX1,,LRRC4B,,,,DHCR24,GPR25
PDE6C,EHMT2,GMEB2,,,,KIF22,,,,,,YPEL2,,PSMD9,,LSM14A,,,,DKK3,GPR33
PDE8B,EIF1AD,GMPPB,,,,KLF8,,,,,,ZBTB7A,,PTCD1,,LUC7L,,,,DLG2,GPR35
PELO,EIF4EBP3,GNA15,,,,KLHL15,,,,,,ZNF365,,PZP,,LUC7L2,,,,DMAC1,GPRC6A
PHLDA2,ELFN1,GNAL,,,,KRTAP10-6,,,,,,ZNF623,,RAB39A,,LUC7L3,,,,DMTN,GSDMB
PID1,ELMOD2,GNG12,,,,LBHD2,,,,,,ZNF669,,RAB41,,MAF,,,,DNAJA1,GSTA3
PIGX,ELMOD3,GNGT1,,,,LCE4A,,,,,,,,RAET1L,,MAF1,,,,DNAJA2,GYPE
PIGY,EMB,GPR160,,,,LCN10,,,,,,,,RASEF,,MAG,,,,DNAJA4,HAND2
PLPP4,EME1,GPR84,,,,LGALS9C,,,,,,,,RBP2,,MAGEH1,,,,DNAJB14,HAUS4
PLPPR5,EML1,GPRC5A,,,,LITAFD,,,,,,,,RHBDL2,,MAL,,,,DNAJB2,HELLS
PLXDC2,EOMES,GRK7,,,,LKAAEAR1,,,,,,,,RHCG,,MAN1A2,,,,DNAJC5,HEPN1
POLR1H,EPO,GYPC,,,,LTB,,,,,,,,RNF125,,MAN1C1,,,,DNAJC6,HFE
PPID,ERF,HERC6,,,,LXN,,,,,,,,RNF169,,MAP3K13,,,,DNAJC7,HK3
PPM1G,EVX1,HEXIM2,,,,LYPD4,,,,,,,,RP2,,MARCKSL1,,,,DNER,HLA-DMA
PPP1R1A,EXOC3L4,HGD,,,,LZTR1,,,,,,,,RTL8B,,MARK3,,,,DNM1L,HMGB4
PPP1R3D,EYA4,HKDC1,,,,MAGEA2,,,,,,,,SAGE1,,MAT2B,,,,DNM3,HNF4A
PPP1R42,FAM107B,HMMR,,,,MAGEB17,,,,,,,,SBK3,,MAVS,,,,DPYSL3,HNF4G
PRKG1,FAM221A,HNF1A,,,,MAGEB3,,,,,,,,SGSH,,MBP,,,,DSTN,HOXA11
PRKG2,FAM221B,HPD,,,,MAOA,,,,,,,,SH3D19,,MBTPS1,,,,DUSP3,HOXB13
PRPF31,FAM227B,HSF2BP,,,,MAP10,,,,,,,,SHROOM3,,MINDY3,,,,DYNC1H1,HOXD10
PSMD10,FAM83A,HTR1A,,,,MAP3K20,,,,,,,,SKOR2,,MLLT10,,,,DYNC1I1,HOXD8
RAB15,FANCC,HTR4,,,,MAP6D1,,,,,,,,SLAMF6,,MLLT6,,,,DYNC1LI2,HRH4
RAB8A,FBXL13,HTRA2,,,,MCOLN3,,,,,,,,SLC22A18AS,,MPPED1,,,,DYNLL1,HSD17B6
RAB9B,FBXL15,HUS1,,,,MDFIC2,,,,,,,,SLC25A17,,MPRIP,,,,DYNLRB1,HSH2D
RAD18,FBXL18,IDH1,,,,MDGA1,,,,,,,,SLC28A1,,MRTFB,,,,DYNLT3,HTN1
RADIL,FBXO16,IER3,,,,MED22,,,,,,,,SLC35C1,,MSI2,,,,DZIP3,HVCN1
RAPH1,FBXO5,IFNA6,,,,MED24,,,,,,,,SLC5A5,,MT3,,,,ECPAS,ICAM1
RASAL3,FCRLA,IFNG,,,,MEFV,,,,,,,,SLC6A13,,MTSS2,,,,EDF1,IFI30
RELL1,FCSK,IFT122,,,,MEI1,,,,,,,,SLC9A4,,MYBBP1A,,,,EEF1B2,IFIH1
RFPL3,FETUB,IFT22,,,,MEIOSIN,,,,,,,,SMC2,,MYEF2,,,,EEF1G,IFNB1
RIMS4,FGF9,IGFBP1,,,,MELK,,,,,,,,SMIM23,,NAB2,,,,EFR3A,IFNLR1_WTA
RIPPLY3,FGFR2,IGFL2,,,,METTL27,,,,,,,,SMPDL3B,,NBPF12,,,,EHD3,IGF1
RND1,FGG,IGLL1,,,,MICA,,,,,,,,SNRPA,,NBPF14,,,,EID1,IKZF3
RNF152,FITM1,IMPDH1,,,,MITF,,,,,,,,SNX7,,NBPF19,,,,EIF1,IL17C
RNF170,FKBP6,IMPDH2,,,,MIX23,,,,,,,,SP6,,NCDN,,,,EIF1AX,IL18R1
RNF8,FMNL3,INHBB,,,,MMP14,,,,,,,,SPA17,,NCEH1,,,,EIF1B,IL1RN
RP1,FOLR3,INPP5K,,,,MNX1,,,,,,,,SPDYE2,,NCK2,,,,EIF2AK1,IL37
RPE,FOXE1,INSYN2B,,,,MOB2,,,,,,,,SPHK1,,NCOA1,,,,EIF3B,IL4R
RPP21,FOXL2NB,IPMK,,,,MOV10,,,,,,,,SPIC,,NDUFA9,,,,EIF3C,INCA1
RPUSD3,FOXM1,IQCF3,,,,MRLN,,,,,,,,SRARP,,NDUFAF8,,,,EIF4A2,INO80
RRAGB,FOXN2,IQCF5,,,,MRNIP,,,,,,,,SRR,,NDUFB11,,,,EIF4B,IRF5
RRM2,FOXP4,ITGA11,,,,MRPL45,,,,,,,,STAP1,,NEBL,,,,EIF4G2,IRS4
RRP7A,FPGS,ITGA4,,,,MS4A5,,,,,,,,STK16,,NECAB1,,,,EIF4G3,IRX3
RTL6,FPR3,ITGB3BP,,,,MSMB,,,,,,,,STK33,,NEGR1,,,,EIF5,ISM2
S1PR1,FRAT1,JARID2,,,,MSRB3,,,,,,,,SYT10,,NEK4,,,,EIF5A,ITGAE
SCO2,FREM3,JCHAIN,,,,MTRES1,,,,,,,,TAF5,,NF2,,,,ELAVL4,ITIH3
SDF2,FRMD3,JMJD6,,,,MTRNR2L4,,,,,,,,TAL1,,NFS1,,,,ELMO1,ITIH6
SELPLG,FRMD7,JUP,,,,MUCL1,,,,,,,,TBC1D30,,NPIPA1,,,,ELOC,ITLN2
SFRP1,FRMPD2,KATNB1,,,,MUS81,,,,,,,,TENT5A,,NUMB,,,,EMC4,ITPRIPL1
SHC3,FUCA1,KBTBD12,,,,MYDGF,,,,,,,,TERB2,,NUP153,,,,ENO1,IVL
SHLD1,FXYD2,KCNB2,,,,MYMX,,,,,,,,TEX36,,OLIG1,,,,ENO2,IZUMO3
SLC12A8,FZD8,KCNG3,,,,MYO1D,,,,,,,,TEX45,,OMG,,,,ENSA,JAK3
SLC25A30,G6PC2,KCNJ13,,,,NEK10,,,,,,,,TEX9,,PABIR2,,,,EPB41L3,KCNK13
SLC28A2,GAB3,KDF1,,,,NFILZ,,,,,,,,TGFB1I1,,PARP2,,,,ERP29,KCNT2
SLC30A4,GABRR3,KDM6A,,,,NKX6-2,,,,,,,,THSD7A,,PBXIP1,,,,ESD,KIAA0753
SLC35G6,GADL1,KDM8,,,,NKX6-3,,,,,,,,TLR2,,PCCB,,,,EXOC6B,KIN
SLC43A3,GALNT18,KDR,,,,NME7,,,,,,,,TLR6,,PCM1,,,,FABP3,KLHL10
SLC5A3,GALNT6,KIF26B,,,,NUDT9,,,,,,,,TMEM31,,PDCD4,,,,FAM131B,KLHL38
SMC4,GALNTL6,KIF4A,,,,NUP155,,,,,,,,TMEM60,,PDHB,,,,FBXL16,KLHL7
SMIM30,GAS2,KIRREL3,,,,NUTM2F,,,,,,,,TOR1AIP1,,PDZD8,,,,FBXW7,KLK14
SMPD3,GAST,KLF10,,,,OR11H1,,,,,,,,TPK1,,PDZRN3,,,,FEM1B,KLK8
SNAP47,GATAD1,KLF11,,,,OR2A7,,,,,,,,TPRX1,,PGAP3,,,,FKBP2,KRT1
SOCS1,GBX1,KLK5,,,,OR2AG2,,,,,,,,TREM2,,PGP,,,,FKBP4,KRT36
SPATA5,GC,KPNA7,,,,OR2T3,,,,,,,,TRIM34,,PHLDA3,,,,FLOT1,KRT74
SQLE,GCC1,KPRP,,,,OR6C68,,,,,,,,TRIM74,,PHLPP1,,,,FLOT2,KRTAP10-4
SRPK1,GCGR,KRBOX4,,,,OSR1,,,,,,,,TSNAXIP1,,PIGQ,,,,FN3K,KRTAP10-8
SSR2,GCM1,KRT12,,,,OTOGL,,,,,,,,TSPAN19,,PIH1D1,,,,FOXO3,KRTAP11-1
STBD1,GDAP1L1,KRT18,,,,PADI2,,,,,,,,UVSSA,,PIP4K2A,,,,FSCN1,KRTAP16-1
STIM1,GDPD5,KRT79,,,,PADI6,,,,,,,,VASP,,PIP4P2,,,,FXR1,KRTAP20-3
STRN,GDPGP1,KRT8,,,,PAGE4,,,,,,,,VCL,,PITPNM3,,,,FXYD6,KRTAP21-3
STUM,GIGYF1,KRTAP10-11,,,,PAGE5,,,,,,,,VN1R4,,PKD1,,,,FXYD7,KRTAP26-1
STX4,GJA3,KRTAP2-2,,,,PALLD,,,,,,,,VWCE,,PKMYT1,,,,G3BP2,KRTAP5-3
SVEP1,GJA4,KRTAP4-3,,,,PARD3,,,,,,,,WDR83,,PKP4,,,,GABARAPL1,LATS2
SYNPO2,GJC2,KRTAP6-2,,,,PARP10,,,,,,,,WDR93,,PLCG1,,,,GABBR1,LBX1
SZT2,GJC3,LAMB3,,,,PAXBP1,,,,,,,,WNT1,,PLEC,,,,GABBR2,LCA5L
TAF1L,GLB1L2,LAMC2,,,,PBX4,,,,,,,,XPO4,,PLPP3,,,,GABRB2,LGALS13
TAGLN2,GMNN,LCN1,,,,PCDH15,,,,,,,,ZC2HC1C,,PNPLA2,,,,GABRB3,LGALS4
TATDN1,GMPPA,LETM2,,,,PDE6H,,,,,,,,ZMYND10,,POLR1A,,,,GABRG2,LIPI
TBX20,GNA11,LEXM,,,,PEX11A,,,,,,,,ZNF16,,POMZP3,,,,GANAB,LLGL2
TECTA,GNG4,LHX4,,,,PHACTR3,,,,,,,,ZNF189,,POU3F3,,,,GAP43,LPAR6
TEDC1,GPC2,LIPK,,,,PHC1,,,,,,,,ZNF223,,POU6F1,,,,GARS1,LRCH2
TFPT,GPR31,LLCFC1,,,,PHC3,,,,,,,,ZNF329,,PPM1K,,,,GDI1,LRIT3
TGFBR1,GPR37,LMLN,,,,PHF7,,,,,,,,ZNF398,,PRELID1,,,,GDI2,LRRC27
THOC3,GPR88,LMO7,,,,PHKG1,,,,,,,,ZNF467,,PRRT3,,,,GET1,LST1
TIGAR,GRB14,LNX2,,,,PHPT1,,,,,,,,ZNF671,,PSIP1,,,,GLS,LURAP1L
TIMM10,GREB1L,LPAR3,,,,PITX3,,,,,,,,ZNF678,,PSMD3,,,,GLYR1,LY6D
TIMM8B,GRIP1,LRRC34,,,,PLA2G6,,,,,,,,ZNF707,,PSMD6,,,,GNAO1,LYPD1
TK2,GRTP1,LRRC37A2,,,,PLAAT2,,,,,,,,ZNF747,,PSME3,,,,GNB1,LYPD6B
TLCD3B,GRXCR1,LRRFIP2,,,,PLAUR,,,,,,,,ZNF92,,PTGDS,,,,GNB5,MAB21L2
TM4SF1,GSTM2,LRRK1,,,,PLGLB1,,,,,,,,ZPLD1,,PTK2,,,,GOLPH3,MAGEB5
TMEM106B,GTF2H5,LRRK2,,,,PLGLB2,,,,,,,,ZSCAN16,,PTMA,,,,GOT1,MALL
TMEM119,GTSE1,LSMEM1,,,,PLN,,,,,,,,,,PTP4A3,,,,GPI,MAMDC2
TMEM229B,HAGHL,LSS,,,,PLPPR3,,,,,,,,,,PTPRD,,,,GPR158,MAP3K1
TMEM265,HAL,MAGEB16,,,,PNMA6E,,,,,,,,,,PTPRK,,,,GPRASP1,MARCHF10
TMEM43,HAPLN2,MAP4K1,,,,POLR1C,,,,,,,,,,QDPR,,,,GPX1,MARCHF8
TMEM63B,HBG2,MAT1A,,,,POLR2M,,,,,,,,,,QKI,,,,GPX4,MARCHF9
TNNI2,HCAR2,MATN3,,,,PPP1R14A,,,,,,,,,,R3HDM2,,,,GRB2,MC1R
TP53TG3B,HDHD3,MCOLN1,,,,PRICKLE4,,,,,,,,,,RABGEF1,,,,GRK2,MC2R
TRAF6,HELT,MDFIC,,,,PRKCG,,,,,,,,,,RALY,,,,GSK3A,MCTP2
TRIM23,HEMGN,MDN1,,,,PRRG2,,,,,,,,,,RASAL2,,,,GSK3B,MDM2
TRIM55,HFM1,MED12,,,,PRSS23,,,,,,,,,,RASGRF2,,,,GSPT1,MED20
TSEN15,HIGD1B,MED14,,,,PSG1,,,,,,,,,,RBFOX1,,,,GUCY1B1,MEP1B
UNKL,HIGD1C,MED14OS,,,,PTPRB,,,,,,,,,,RBM5,,,,GUK1,METAP1D
USP27X,HLA-DQB1,MED23,,,,RABGGTA,,,,,,,,,,RCAN1,,,,H4C3,METTL21C
USP51,HMGCL,MEIG1,,,,RASA2,,,,,,,,,,RCC1L,,,,H4C5,MIPEP
USP9Y,HOXC11,MEIS1,,,,RASSF2,,,,,,,,,,RCOR3,,,,HABP4,MMP13
VASN,HOXD9,MELTF,,,,RB1,,,,,,,,,,RGS4,,,,HCFC1R1,MMP26
VGF,HPS6,METRN,,,,RBL2,,,,,,,,,,RGS7BP,,,,HDLBP,MNS1
VPS13D,HS1BP3,METTL14,,,,RBM15B,,,,,,,,,,RHBDD1,,,,HIGD1A,MOSPD2
WDR44,HSD3B2,MFAP5,,,,RBP3,,,,,,,,,,RHOBTB3,,,,HINT1,MPHOSPH9
WDR54,HTR1B,MGST2,,,,RBP5,,,,,,,,,,RING1,,,,HK1,MPP4
WNT2,HTRA3,MICAL3,,,,REST,,,,,,,,,,RNASE1,,,,HLF,MRGPRX3
XBP1,HUS1B,MIEF2,,,,RFTN1,,,,,,,,,,RNF139,,,,HMGCR,MS4A4E
ZCCHC17,IDUA,MIF4GD,,,,RGCC,,,,,,,,,,RNF141,,,,HMGCS1,MSI1
ZCCHC2,IER5L,MOGAT3,,,,RGS3,,,,,,,,,,RORA,,,,HMOX2,MSMP
ZFAND4,IFITM1,MORN3,,,,RIOX1,,,,,,,,,,RORB,,,,HNRNPA1,MTNR1A
ZFAND6,IGSF10,MORN5,,,,RNF20,,,,,,,,,,RPL18,,,,HNRNPH2,MXRA5
ZIC1,IKZF4,MRO,,,,RTEL1,,,,,,,,,,RPLP1,,,,HNRNPL,N4BP2L1
ZNF148,IL10,MROH8,,,,RTKN2,,,,,,,,,,RPS19,,,,HNRNPU,NBEAL2
ZNF181,IL11RA,MRPL22,,,,RTL3,,,,,,,,,,RPS9,,,,HNRNPUL2,NCKAP1L
ZNF32,IL13RA2,MRPL9,,,,RTTN,,,,,,,,,,RUNDC3A,,,,HPRT1,NDC80
ZNF431,IL22RA1,MRS2,,,,S100A12,,,,,,,,,,RWDD2A,,,,HRAS,NEMP2
ZNF446,IL6R,MS4A15,,,,S100P,,,,,,,,,,S100A6,,,,HSBP1,NLRC4
ZNF548,ILDR1,MS4A6E,,,,SAMD14,,,,,,,,,,S100B,,,,HSD17B4,NLRP7
ZNF66,IMMP1L,MSANTD2,,,,SATB2,,,,,,,,,,SAFB2,,,,HSP90AA1,NMS
ZNF672,INHBA,MSMO1,,,,SCGB1C2,,,,,,,,,,SBK1,,,,HSP90AB1,NPHS2
ZNF888,INSRR,MSN,,,,SCUBE3,,,,,,,,,,SCAF1,,,,HSPA1A,NUP35
ZZEF1,IP6K2,MSR1,,,,SDR39U1,,,,,,,,,,SCAP,,,,HSPA1B,NXNL1
,IPP,MTAP,,,,SELENOO,,,,,,,,,,SCD5,,,,HSPA4,ODF2L
,IQCF6,MTERF4,,,,SELENOV,,,,,,,,,,SCRT1,,,,HSPA5,OLFML1
,IQCH,MTFMT,,,,SEMA6C,,,,,,,,,,SCYL1,,,,HSPA8,OPN1SW
,IRF2,MTHFD2,,,,SERAC1,,,,,,,,,,SDC3,,,,HSPA9,OPTC
,IRF7,MTLN,,,,SERPINB2,,,,,,,,,,SDHB,,,,HSPD1,OR10H1
,ITGA5,MTMR14,,,,SERPINC1,,,,,,,,,,SEC14L1,,,,HSPE1,OR10X1
,ITGB2,MTTP,,,,SERPINE1,,,,,,,,,,SENP3,,,,HSPH1,OR1A2
,KANK3,MUC1,,,,SFSWAP,,,,,,,,,,SENP6,,,,HUWE1,OR1G1
,KCNJ12,MUC2,,,,SFT2D3,,,,,,,,,,SEPTIN2,,,,HYOU1,OR2H1
,KCNJ5,MUL1,,,,SFTPC_WTA,,,,,,,,,,SEPTIN7,,,,IAH1,OR2H2
,KCNK16,MVK,,,,SFXN2,,,,,,,,,,SEPTIN8,,,,IARS1,OR2J3
,KEAP1,MYCL,,,,SHD,,,,,,,,,,SERP2,,,,IDH3A,OR2L2
,KEL,NEK8,,,,SIX1,,,,,,,,,,SERPINF1,,,,IDH3B,OR2V2
,KIF6,NFE2,,,,SKA1,,,,,,,,,,SERPINI1,,,,IDH3G,OR4D6
,KLC3,NGDN,,,,SKA2,,,,,,,,,,SETD3,,,,IFIT1,OR4F15
,KLF5,NINL,,,,SLAMF7,,,,,,,,,,SETD7,,,,IGIP,OR4K17
,KLHL30,NKAIN1,,,,SLC22A18,,,,,,,,,,SF3A3,,,,ILRUN,OR51A7
,KLK2,NMUR1,,,,SLC25A24,,,,,,,,,,SF3B2,,,,INPP4A,OR51E2
,KLKB1,NOC3L,,,,SLC26A8,,,,,,,,,,SFPQ,,,,INPP5F,OR51F1
,KLRC4,NOSTRIN,,,,SLC29A1,,,,,,,,,,SFT2D1,,,,IPO5,OR52B4
,KMO,NPS,,,,SLC29A3,,,,,,,,,,SGTA,,,,IPO7,OR52I1
,KNL1,NR1H4,,,,SLC2A13,,,,,,,,,,SIRPA,,,,IQSEC1,OR5D14
,KRT10,NRG4,,,,SLC32A1,,,,,,,,,,SLC25A26,,,,ITFG1,OR5K2
,KRT2,NSMCE1,,,,SLC34A1,,,,,,,,,,SLC25A44,,,,ITGB1BP1,OR5M3
,KRT23,NT5C1B,,,,SLC34A2,,,,,,,,,,SLC2A6,,,,ITSN1,OR6C1
,KRT39,NTN1,,,,SLC44A1,,,,,,,,,,SLC44A2,,,,JPT1,OR6C65
,KRT6A,NTN5,,,,SLC46A3,,,,,,,,,,SLC6A1,,,,JTB,OR7A5
,KRT77,NUDT1,,,,SLC49A3,,,,,,,,,,SLC6A16,,,,KAT7,OR7G1
,KRTAP1-1,NUDT16,,,,SLC51B,,,,,,,,,,SLC9A1,,,,KCNAB2,OR7G2
,KRTAP12-3,NUDT19,,,,SMARCC1,,,,,,,,,,SMAD2,,,,KCNC2,OTOL1
,KRTAP15-1,NUFIP2,,,,SMC1B,,,,,,,,,,SMG5,,,,KCNIP4,OTOP2
,KRTAP19-2,NUP210L,,,,SMIM33,,,,,,,,,,SMIM14,,,,KCNK1,OTOS
,KRTAP20-1,NUP62,,,,SOX6,,,,,,,,,,SMYD2,,,,KCNQ3,OTUD6A
,KRTAP4-1,NUSAP1,,,,SPAST,,,,,,,,,,SND1,,,,KCTD17,OXSM
,KRTAP5-2,NWD1,,,,SPEF2,,,,,,,,,,SNHG32,,,,KIAA0513,P2RX2
,L1TD1,NXN,,,,SPOUT1,,,,,,,,,,SNRNP70,,,,KIF1B,PAFAH2
,LACC1,NXPE2,,,,SQOR,,,,,,,,,,SNRPF,,,,KIF21A,PAGE1
,LAT,NXT1,,,,SRD5A2,,,,,,,,,,SNTA1,,,,KIF3C,PATE1
,LBR,ODAPH,,,,SSR1,,,,,,,,,,SNX12,,,,KIF5C,PCP2
,LCN9,OGN,,,,STKLD1,,,,,,,,,,SOD2,,,,KIFAP3,PCSK4
,LDLRAP1,OMA1,,,,STXBP2,,,,,,,,,,SPP1,,,,KLC1,PDC
,LELP1,OR10AG1,,,,SUV39H1,,,,,,,,,,SRCIN1,,,,KLHDC3,PDE6A
,LEMD3,OR10G4,,,,SYNE4,,,,,,,,,,SRRM1,,,,KPNB1,PDIA5
,LGALS14,OR10K2,,,,SYT8,,,,,,,,,,SRSF11,,,,KRAS,PDX1
,LHX9,OR10Z1,,,,TAF1,,,,,,,,,,SSBP1,,,,LAMTOR5,PGBD4
,LILRA4,OR11L1,,,,TAS2R45,,,,,,,,,,SSR4,,,,LANCL1,PIRT
,LIMA1,OR13C4,,,,TBCK,,,,,,,,,,STS,,,,LARP1,PIWIL4
,LIPC,OR1J1,,,,TBR1,,,,,,,,,,SUGP2,,,,LDHA,PKHD1L1
,LIPE,OR2A4,,,,TEX30,,,,,,,,,,SYNM,,,,LMAN2,PLA2G4D
,LMCD1,OR2AE1,,,,TGM1,,,,,,,,,,TASOR2,,,,LMBR1,PLEKHG4
,LMNTD1,OR2B2,,,,THAP10,,,,,,,,,,TBC1D3C,,,,LMO3,PLET1
,LMO2,OR2G2,,,,TIAF1,,,,,,,,,,TJP1,,,,LONRF2,PLK4
,LMOD3,OR3A2,,,,TIGD5,,,,,,,,,,TLK2,,,,LPGAT1,PLP2
,LORICRIN,OR4D11,,,,TLCD3A,,,,,,,,,,TLN2,,,,LRPPRC,PLSCR5
,LPIN3,OR4K15,,,,TMCO5A,,,,,,,,,,TM2D1,,,,LRRC47,PNLIP
,LRCH1,OR51F2,,,,TMEM125,,,,,,,,,,TMCO1,,,,LSAMP,POMT2
,LRRC10B,OR52A1,,,,TMEM185A,,,,,,,,,,TMED4,,,,LUZP6,POP1
,LRRC19,OR52R1,,,,TMEM225B,,,,,,,,,,TMEM175,,,,LY6E,POPDC2
,LRRC2,OR8I2,,,,TMEM40,,,,,,,,,,TMEM50B,,,,MAP1B,POU2F2
,LRRC24,OR8U3,,,,TMEM88,,,,,,,,,,TMEM94,,,,MAP1LC3A,PPBP
,LRRC29,OR9A2,,,,TMEM88B,,,,,,,,,,TMF1,,,,MAP2,PPP5D1
,LRRC3,ORM2,,,,TNFRSF14,,,,,,,,,,TNFAIP2,,,,MAP2K4,PRKAG3
,LRRIQ4,OVCA2,,,,TNIP2,,,,,,,,,,TNIK,,,,MAP4,PRKD2
,LTBP1,PAG1,,,,TNK1,,,,,,,,,,TNKS,,,,MAP6,PRM1
,LTBR,PANX1,,,,TNNI3,,,,,,,,,,TOP2B,,,,MAPK1,PROB1
,LY6G5C,PARP14,,,,TOR4A,,,,,,,,,,TOX4,,,,MAPK10,PROCA1
,LY6K,PCGF6,,,,TP53,,,,,,,,,,TPBG,,,,MAPK8,PROP1
,LY96,PCOLCE2,,,,TPTE,,,,,,,,,,TPD52,,,,MAPK8IP3,PROX2
,LYG2,PDE3B,,,,TRAPPC14,,,,,,,,,,TPD52L1,,,,MAPK9,PRR22
,MAGEA4,PDGFRL,,,,TREX2,,,,,,,,,,TRAF3IP1,,,,MAPRE2,PRR29
,MAGEB4,PGC,,,,TRIM13,,,,,,,,,,TRPC1,,,,MAPRE3,PRRX2
,MAN2B1,PHGR1,,,,TRPA1,,,,,,,,,,TRPC4AP,,,,MAPT,PRSS57
,MAP2K3,PIGM,,,,TTC27,,,,,,,,,,TSC22D4,,,,MARCHF6,PRX
,MAP3K3,PIK3C2G,,,,TTC30A,,,,,,,,,,TSPAN31,,,,MARF1,PSMC3IP
,MATN2,PINLYP,,,,TTF2,,,,,,,,,,TTYH1,,,,MARS1,PTCHD1
,MAU2,PIP5KL1,,,,TTLL11,,,,,,,,,,UBAC1,,,,MATR3,PTGER2
,MBD3L2,PJVK,,,,TTLL9,,,,,,,,,,UBE2E3,,,,MBNL2,PTGES3L
,MCCC1,PKIB,,,,TUBA4B,,,,,,,,,,UBE2I,,,,MCRIP1,PTH2
,MCHR1,PKLR,,,,TYW1B,,,,,,,,,,UBE2O,,,,MDH1,PTPN22
,MCIDAS,PLA2G7,,,,UBA7,,,,,,,,,,UBE2W,,,,MDH2,PYY
,METTL6,PLAC1,,,,UBE3B,,,,,,,,,,ULK3,,,,MEAF6,RAB27A
,MFSD14B,PLAC8L1,,,,UNC5A,,,,,,,,,,USP17L12,,,,MED29,RAB34
,MFSD2B,PLBD1,,,,URB2,,,,,,,,,,USP46,,,,MFF,RASSF3
,MID1IP1,PLEKHF1,,,,USP2,,,,,,,,,,VAPA,,,,MICAL2,RASSF7
,MKRN2OS,PLVAP,,,,USP36,,,,,,,,,,VPS26B,,,,MICOS10,RBM10
,MOGAT1,POLG2,,,,USP48,,,,,,,,,,VPS28,,,,MICOS13,RBMXL3
,MORC2,PON1,,,,VGLL3,,,,,,,,,,VPS8,,,,MIGA1,RECK
,MTERF2,POU4F2,,,,VIPR2,,,,,,,,,,VSTM2L,,,,MINK1,REEP3
,MTHFD2L,PPAT,,,,VN1R3,,,,,,,,,,WDR45B,,,,MLF2,REG4
,MUC2_WTA,PPIL6,,,,WARS1,,,,,,,,,,WTAP,,,,MMP24OS,REN
,MUC22,PPP1R13L,,,,XKR5,,,,,,,,,,WWP1,,,,MOAP1,RFX6
,MYADML2,PPP1R18,,,,ZACN,,,,,,,,,,ZBTB16,,,,MORF4L1,RGS12
,MYC,PRDM11,,,,ZBTB17,,,,,,,,,,ZC3H14,,,,MORF4L2,RIBC1
,MYEOV,PRDM9,,,,ZBTB48,,,,,,,,,,ZDHHC11,,,,MPC2,RLN2
,MYL3,PROSER2,,,,ZDHHC2,,,,,,,,,,ZFP36L1,,,,MRFAP1,RNF207
,MYO1G,PRSS50,,,,ZEB1,,,,,,,,,,ZMIZ2,,,,MRPL15,RNF43
,MYORG,PSEN2,,,,ZFP64,,,,,,,,,,ZNF397,,,,MRPL18,RNFT1
,NAE1,PSG5,,,,ZGLP1,,,,,,,,,,ZNF444,,,,MRPL20,ROPN1B
,NAIP,PSMB9,,,,ZNF100,,,,,,,,,,ZNF580,,,,MRPL30,ROS1
,NARS2,PTAFR,,,,ZNF143,,,,,,,,,,ZNF706,,,,MRPL38,RPIA
,NASP,PTH,,,,ZNF229,,,,,,,,,,,,,,MRPS15,RPL3L
,NDOR1,PTPN18,,,,ZNF526,,,,,,,,,,,,,,MRPS21,RRAS2
,NFE4,PTPN20,,,,ZNF543,,,,,,,,,,,,,,MRPS26,RS1
,NHLRC1,PTPN21,,,,ZNF558,,,,,,,,,,,,,,MTCH1,RSBN1
,NKAIN3,PTPRQ,,,,ZNF564,,,,,,,,,,,,,,MYADM,RSBN1L
,NKAPL,PURG,,,,ZNF579,,,,,,,,,,,,,,MYCBP2,RTL4
,NLRP8,PWWP2A,,,,ZNF587B,,,,,,,,,,,,,,MYH10,RTP3
,NOM1,PXYLP1,,,,ZNF646,,,,,,,,,,,,,,MYL12B,RUBCNL
,NPEPL1,RAB11FIP1,,,,ZNF687,,,,,,,,,,,,,,MYL6,RUNX2
,NPHP3,RAB42,,,,ZNF701,,,,,,,,,,,,,,MYO5A,S100A4
,NPPC,RABEPK,,,,ZNF735,,,,,,,,,,,,,,NACA,S1PR5
,NR0B2,RAET1G,,,,ZNF782,,,,,,,,,,,,,,NAP1L1,SAPCD1
,NRAP,RARB,,,,ZNF827,,,,,,,,,,,,,,NAP1L2,SCGB2A1
,NRM,RBM7,,,,ZNF84,,,,,,,,,,,,,,NAP1L3,SCN11A
,NSMCE4A,REEP6,,,,ZNF99,,,,,,,,,,,,,,NAPB,SECTM1
,NSRP1,RFC4,,,,,,,,,,,,,,,,,,NAPG,SELP
,NSUN2,RFESD,,,,,,,,,,,,,,,,,,NBEA,SEMA3D
,NUP43,RFPL1,,,,,,,,,,,,,,,,,,NCAM1,SEPSECS
,NYAP2,RGS13,,,,,,,,,,,,,,,,,,NCKAP1,SERPINA10
,NYX,RHOF,,,,,,,,,,,,,,,,,,NDN,SERPINB5
,ODF2,RIN1,,,,,,,,,,,,,,,,,,NDRG3,SERTAD3
,OLIG2,RIPK2,,,,,,,,,,,,,,,,,,NDUFA1,SERTM1
,OLIG3,RMI2,,,,,,,,,,,,,,,,,,NDUFA12,SH2D3A
,OR10A6,RNF126,,,,,,,,,,,,,,,,,,NDUFA13,SH3RF2
,OR10A7,RNF149,,,,,,,,,,,,,,,,,,NDUFA2,SH3TC2
,OR10H5,RNF26,,,,,,,,,,,,,,,,,,NDUFA4,SHMT1
,OR10Q1,RPAP1,,,,,,,,,,,,,,,,,,NDUFA5,SIGLEC5
,OR11G2,RPL10L,,,,,,,,,,,,,,,,,,NDUFA6,SIGLEC9
,OR11H6,RPL22L1,,,,,,,,,,,,,,,,,,NDUFA7,SIRPB2
,OR1F1,RSU1,,,,,,,,,,,,,,,,,,NDUFA8,SIX6
,OR1S1,RTL1,,,,,,,,,,,,,,,,,,NDUFAB1,SLC13A5
,OR2C3,RTL10,,,,,,,,,,,,,,,,,,NDUFB10,SLC16A11
,OR4A5,RTN4IP1,,,,,,,,,,,,,,,,,,NDUFB2,SLC17A2
,OR4E2,RXFP2,,,,,,,,,,,,,,,,,,NDUFB3,SLC22A12
,OR4F6,S100A2,,,,,,,,,,,,,,,,,,NDUFB7,SLC22A25
,OR4K5,SAAL1,,,,,,,,,,,,,,,,,,NDUFB8,SLC22A31
,OR4L1,SAP130,,,,,,,,,,,,,,,,,,NDUFB9,SLC24A5
,OR4N5,SAP30BP,,,,,,,,,,,,,,,,,,NDUFC1,SLC25A2
,OR4X1,SASH3,,,,,,,,,,,,,,,,,,NDUFS5,SLC25A21
,OR51D1,SCN4A,,,,,,,,,,,,,,,,,,NDUFS8,SLC26A5
,OR51J1,SCN9A,,,,,,,,,,,,,,,,,,NDUFV1,SLC27A1
,OR52E8,SERPINA6,,,,,,,,,,,,,,,,,,NECAP1,SLC39A5
,OR56A5,SERPINF2,,,,,,,,,,,,,,,,,,NELL2,SLC45A2
,OR5A1,SERPINH1,,,,,,,,,,,,,,,,,,NF1,SLC46A2
,OR5AR1,SFR1,,,,,,,,,,,,,,,,,,NFE2L1,SLC5A4
,OR5B17,SFTPA1,,,,,,,,,,,,,,,,,,NFIX,SLC6A20
,OR5B21,SFTPB_WTA,,,,,,,,,,,,,,,,,,NGRN,SLC6A4
,OR5H14,SFTPC,,,,,,,,,,,,,,,,,,NHP2,SLC7A3
,OR5I1,SGO1,,,,,,,,,,,,,,,,,,NMT1,SLCO1B7
,OR5L1,SH3RF1,,,,,,,,,,,,,,,,,,NOMO3,SMC5
,OR5M8,SHBG,,,,,,,,,,,,,,,,,,NONO,SMPX
,OR6K6,SHC4,,,,,,,,,,,,,,,,,,NOP53,SMTNL2
,OR6S1,SHE,,,,,,,,,,,,,,,,,,NPEPPS,SMYD1
,OR6V1,SHOX,,,,,,,,,,,,,,,,,,NPTN,SNX29
,OR7D4,SIGLEC16,,,,,,,,,,,,,,,,,,NPTXR,SP100
,ORAI3,SIGLEC6,,,,,,,,,,,,,,,,,,NREP,SP140
,ORC6,SIRPB1,,,,,,,,,,,,,,,,,,NRN1,SPAG17
,ORF1ab,SLC22A10,,,,,,,,,,,,,,,,,,NRSN1,SPAG6
,OSBPL9,SLC22A8,,,,,,,,,,,,,,,,,,NRXN1,SPATA12
,OSGEPL1,SLC25A15,,,,,,,,,,,,,,,,,,NSD2,SPATA22
,OSM,SLC30A2,,,,,,,,,,,,,,,,,,NSF,SPATA4
,OTOP3,SLC35A2,,,,,,,,,,,,,,,,,,NT5C3B,SPATA45
,OXA1L,SLC35D3,,,,,,,,,,,,,,,,,,NUDC,SPATA9
,OXT,SLC39A8,,,,,,,,,,,,,,,,,,NUDCD3,SPATS1
,P2RX5,SLC47A2,,,,,,,,,,,,,,,,,,NUDT21,SPC24
,P2RY13,SLC49A4,,,,,,,,,,,,,,,,,,OAT,SPEF1
,P2RY6,SLC4A9,,,,,,,,,,,,,,,,,,OAZ1,SPRY1
,PAGE3,SLC8A3,,,,,,,,,,,,,,,,,,OAZ2,SRGAP1
,PAK4,SLITRK6,,,,,,,,,,,,,,,,,,OCIAD1,ST6GALNAC2
,PANX2,SMAD4,,,,,,,,,,,,,,,,,,OGA,STAB2
,PARD3B,SMCHD1,,,,,,,,,,,,,,,,,,OLA1,STEAP1
,PARD6G,SMIM19,,,,,,,,,,,,,,,,,,OPA1,STOML3
,PARP12,SMKR1,,,,,,,,,,,,,,,,,,OS9,STON1
,PARPBP,SMOC1,,,,,,,,,,,,,,,,,,OSTF1,SULT2A1
,PAXX,SNRNP35,,,,,,,,,,,,,,,,,,OTUB1,SVIL
,PBOV1,SNTN,,,,,,,,,,,,,,,,,,OXR1,SYCP1
,PDCD1LG2,SNX31,,,,,,,,,,,,,,,,,,PABPN1,SYCP3
,PDHA2,SOCS4,,,,,,,,,,,,,,,,,,PACSIN1,SZRD1
,PDPR,SOWAHA,,,,,,,,,,,,,,,,,,PAFAH1B1,TAS2R39
,PEBP4,SPACA1,,,,,,,,,,,,,,,,,,PAIP2,TAS2R50
,PEX1,SPATA46,,,,,,,,,,,,,,,,,,PAK1,TAS2R8
,PEX11G,SPEM1,,,,,,,,,,,,,,,,,,PAM,TCF3
,PFN3,SPINK14,,,,,,,,,,,,,,,,,,PARK7,TCHH
,PGAP2,SPPL2C,,,,,,,,,,,,,,,,,,PCBD1,TCTE1
,PHYHD1,SRFBP1,,,,,,,,,,,,,,,,,,PCBP1,TDRD1
,PI15,ST14,,,,,,,,,,,,,,,,,,PCBP2,TDRD15
,PI16,ST6GALNAC4,,,,,,,,,,,,,,,,,,PCLO,TECRL
,PIAS4,STIM2,,,,,,,,,,,,,,,,,,PCMT1,TES
,PIF1,SWI5,,,,,,,,,,,,,,,,,,PCNP,TEX49
,PIM2,SYPL2,,,,,,,,,,,,,,,,,,PCYT2,TFB2M
,PIWIL2,TAAR6,,,,,,,,,,,,,,,,,,PDAP1,THNSL2
,PKHD1,TAAR8,,,,,,,,,,,,,,,,,,PDCD6,THPO
,PKP2,TACR1,,,,,,,,,,,,,,,,,,PDE4DIP,TIMD4
,PLA2G1B,TAF12,,,,,,,,,,,,,,,,,,PDHA1,TIMM8A
,PLA2G2F,TAS2R3,,,,,,,,,,,,,,,,,,PDHX,TJP2
,PLA2G3,TBC1D8B,,,,,,,,,,,,,,,,,,PDP1,TJP3
,PLAAT5,TBP,,,,,,,,,,,,,,,,,,PDS5B,TMC6
,PLD5,TBX22,,,,,,,,,,,,,,,,,,PDXDC1,TMEM132E
,PLIN2,TBX3,,,,,,,,,,,,,,,,,,PDXP,TMEM150A
,PLSCR4,TDRD5,,,,,,,,,,,,,,,,,,PDZD4,TMEM186
,PMF1,TEAD1,,,,,,,,,,,,,,,,,,PEBP1,TMEM225
,PNMA5,TEDDM1,,,,,,,,,,,,,,,,,,PEG10,TMEM242
,POC1A,TEKT5,,,,,,,,,,,,,,,,,,PEG3,TMEM266
,POLE2,TGM3,,,,,,,,,,,,,,,,,,PFDN1,TMEM92
,POLN,THEG,,,,,,,,,,,,,,,,,,PFDN5,TMPRSS5
,POLR1E,THEGL,,,,,,,,,,,,,,,,,,PFKP,TNFRSF10D
,PON3,TINCR,,,,,,,,,,,,,,,,,,PFN2,TNFRSF11B
,POU2F1,TINF2,,,,,,,,,,,,,,,,,,PGAP4,TNFRSF6B
,PP2D1,TLCD1,,,,,,,,,,,,,,,,,,PGBD5,TNIP3
,PPARGC1B,TLL2,,,,,,,,,,,,,,,,,,PGD,TNXB
,PPFIBP2,TMEM163,,,,,,,,,,,,,,,,,,PGK1,TOR2A
,PPM1N,TMEM221,,,,,,,,,,,,,,,,,,PGM2L1,TRABD
,PPP1R3F,TMEM247,,,,,,,,,,,,,,,,,,PGRMC1,TRAF3IP3
,PREX1,TMEM38B,,,,,,,,,,,,,,,,,,PHYHIP,TRAF4
,PRG4,TMEM39B,,,,,,,,,,,,,,,,,,PI4KA,TRH
,PRIMPOL,TMSB15A,,,,,,,,,,,,,,,,,,PIANP,TRIL
,PRKACG,TMUB1,,,,,,,,,,,,,,,,,,PICALM,TROAP
,PRLH,TNFSF15,,,,,,,,,,,,,,,,,,PINK1,TRPC6
,PRMT3,TNIP1,,,,,,,,,,,,,,,,,,PITHD1,TSEN54
,PRODH,TNNI3K,,,,,,,,,,,,,,,,,,PITPNA,TSKS
,PROX1,TNNT3,,,,,,,,,,,,,,,,,,PJA2,TSPAN8
,PRPF38B,TNS1,,,,,,,,,,,,,,,,,,PLD3,UBAP1L
,PRR18,TOR1A,,,,,,,,,,,,,,,,,,PNMA2,UBE2T
,PRR23C,TPO,,,,,,,,,,,,,,,,,,PNMA8A,UBTD1
,PRRC1,TRADD,,,,,,,,,,,,,,,,,,PNRC1,UCP1
,PSMA8,TRAF5,,,,,,,,,,,,,,,,,,POLR2K,UNC5C
,PSRC1,TRAM1L1,,,,,,,,,,,,,,,,,,POLR2L,UPP2
,PTCH2,TRAPPC13,,,,,,,,,,,,,,,,,,POMP,URAD
,PTCHD3,TREML4,,,,,,,,,,,,,,,,,,PPA1,USP3
,PTER,TRIM11,,,,,,,,,,,,,,,,,,PPIA,UTP15
,PTGER1,TRIM17,,,,,,,,,,,,,,,,,,PPM1A,VN1R2
,PTGER4,TRIM51,,,,,,,,,,,,,,,,,,PPP1CB,VPS18
,PTGFR,TRMT6,,,,,,,,,,,,,,,,,,PPP1R7,VSIG4
,PTPN6,TRPM3,,,,,,,,,,,,,,,,,,PPP2CA,VWA1
,PTPRH,TRPT1,,,,,,,,,,,,,,,,,,PPP2CB,WDR76
,PXMP2,TRPV3,,,,,,,,,,,,,,,,,,PPP2R1A,WEE2
,PYCARD,TSHB,,,,,,,,,,,,,,,,,,PPP2R5B,XAGE2
,RAB32,TSPYL6,,,,,,,,,,,,,,,,,,PPP2R5D,XAGE3
,RAB36,TSSC4,,,,,,,,,,,,,,,,,,PPP3CB,ZCCHC9
,RAD51,TTC36,,,,,,,,,,,,,,,,,,PPP3R1,ZFHX3
,RAD9B,TXNRD2,,,,,,,,,,,,,,,,,,PRDM2,ZFR2
,RAMAC,UBL3,,,,,,,,,,,,,,,,,,PRDX5,ZMYM6
,RAMP1,UBOX5,,,,,,,,,,,,,,,,,,PREPL,ZNF165
,RANGRF,UBR1,,,,,,,,,,,,,,,,,,PRKACB,ZNF185
,RASL11A,UCN2,,,,,,,,,,,,,,,,,,PRKAR1A,ZNF200
,RASSF9,UNC45B,,,,,,,,,,,,,,,,,,PRKCB,ZNF222
,RBM15,USH1C,,,,,,,,,,,,,,,,,,PRMT2,ZNF250
,RBMX2,VGLL1,,,,,,,,,,,,,,,,,,PRNP,ZNF268
,RCE1,VPS37D,,,,,,,,,,,,,,,,,,PRPF19,ZNF285
,RENBP,VSIG10,,,,,,,,,,,,,,,,,,PRRT1,ZNF30
,REP15,VTN,,,,,,,,,,,,,,,,,,PSMA1,ZNF324
,RFPL4B,VWA3B,,,,,,,,,,,,,,,,,,PSMA7,ZNF345
,RFX4,WDR75,,,,,,,,,,,,,,,,,,PSMB5,ZNF474
,RFX5,WFIKKN2,,,,,,,,,,,,,,,,,,PSMB7,ZNF479
,RGS9BP,XPC,,,,,,,,,,,,,,,,,,PSMC5,ZNF487
,RHPN2,XRCC4,,,,,,,,,,,,,,,,,,PSMC6,ZNF521
,RIIAD1,ZAR1,,,,,,,,,,,,,,,,,,PSMD1,ZNF525
,RINT1,ZAR1L,,,,,,,,,,,,,,,,,,PSMD14,ZNF557
,RIOK1,ZBP1,,,,,,,,,,,,,,,,,,PSMD2,ZNF57
,RIPPLY1,ZBTB37,,,,,,,,,,,,,,,,,,PSMD4,ZNF624
,RIPPLY2,ZC3H12C,,,,,,,,,,,,,,,,,,PTGES3,ZNF699
,RIT1,ZCCHC12,,,,,,,,,,,,,,,,,,PTMS,ZNF765
,RNASE12,ZCWPW1,,,,,,,,,,,,,,,,,,PTOV1,ZNF784
,RNASE6,ZFP37,,,,,,,,,,,,,,,,,,PTP4A1,ZNF844
,RNF183,ZIC4,,,,,,,,,,,,,,,,,,PTPA,ZNF860
,RNF225,ZKSCAN5,,,,,,,,,,,,,,,,,,PTPN11,ZNF862
,RNLS,ZNF18,,,,,,,,,,,,,,,,,,PTPRA,ZPBP
,RNPEP,ZNF19,,,,,,,,,,,,,,,,,,PTPRN,ZSCAN29
,RPRML,ZNF224,,,,,,,,,,,,,,,,,,PTPRT,ZSCAN5C
,RRAGC,ZNF350,,,,,,,,,,,,,,,,,,PURA,ZUP1
,RSPH1,ZNF354B,,,,,,,,,,,,,,,,,,RAB11A,
,RSPH6A,ZNF385C,,,,,,,,,,,,,,,,,,RAB11B,
,RUNX3,ZNF416,,,,,,,,,,,,,,,,,,RAB1A,
,S100A7,ZNF438,,,,,,,,,,,,,,,,,,RAB1B,
,SAMD13,ZNF48,,,,,,,,,,,,,,,,,,RAB22A,
,SAMD3,ZNF493,,,,,,,,,,,,,,,,,,RAB2A,
,SAXO2,ZNF534,,,,,,,,,,,,,,,,,,RAB3A,
,SBSN,ZNF568,,,,,,,,,,,,,,,,,,RAB3C,
,SCARA5,ZNF572,,,,,,,,,,,,,,,,,,RAB3GAP1,
,SCARF2,ZNF585B,,,,,,,,,,,,,,,,,,RAB4A,
,SCGB1D1,ZNF621,,,,,,,,,,,,,,,,,,RAB5B,
,SCIN,ZNF7,,,,,,,,,,,,,,,,,,RAB5C,
,SCN5A,ZNF804B,,,,,,,,,,,,,,,,,,RAB5IF,
,SCP2D1,ZNF821,,,,,,,,,,,,,,,,,,RAB6A,
,SDC1,ZSCAN12,,,,,,,,,,,,,,,,,,RAB6B,
,SDR16C5,,,,,,,,,,,,,,,,,,,RAB7A,
,SDR9C7,,,,,,,,,,,,,,,,,,,RABAC1,
,SDS,,,,,,,,,,,,,,,,,,,RAC1,
,SEC11A,,,,,,,,,,,,,,,,,,,RACK1,
,SEC14L2,,,,,,,,,,,,,,,,,,,RAD21,
,SEC61A1,,,,,,,,,,,,,,,,,,,RAN,
,SEPTIN12,,,,,,,,,,,,,,,,,,,RANBP1,
,SERHL2,,,,,,,,,,,,,,,,,,,RANBP9,
,SERINC2,,,,,,,,,,,,,,,,,,,RANGAP1,
,SERPINA5,,,,,,,,,,,,,,,,,,,RAP1GAP,
,SERPINE3,,,,,,,,,,,,,,,,,,,RAP2A,
,SESN2,,,,,,,,,,,,,,,,,,,RAPGEF4,
,SGCZ,,,,,,,,,,,,,,,,,,,RBFOX3,
,SGK3,,,,,,,,,,,,,,,,,,,RBX1,
,SHISA8,,,,,,,,,,,,,,,,,,,RCN2,
,SHROOM1,,,,,,,,,,,,,,,,,,,REEP1,
,SI,,,,,,,,,,,,,,,,,,,REEP5,
,SIGLEC1,,,,,,,,,,,,,,,,,,,RERE,
,SLA,,,,,,,,,,,,,,,,,,,RETREG1,
,SLC16A13,,,,,,,,,,,,,,,,,,,RETREG2,
,SLC19A2,,,,,,,,,,,,,,,,,,,RHBDD2,
,SLC23A1,,,,,,,,,,,,,,,,,,,RHEB,
,SLC27A2,,,,,,,,,,,,,,,,,,,RNASEK,
,SLC2A7,,,,,,,,,,,,,,,,,,,RNF11,
,SLC30A10,,,,,,,,,,,,,,,,,,,RNF208,
,SLC31A2,,,,,,,,,,,,,,,,,,,ROBO2,
,SLC35D1,,,,,,,,,,,,,,,,,,,RPH3A,
,SLC35F4,,,,,,,,,,,,,,,,,,,RPL14,
,SLC38A11,,,,,,,,,,,,,,,,,,,RPL15,
,SLC39A4,,,,,,,,,,,,,,,,,,,RPL17,
,SLC4A1,,,,,,,,,,,,,,,,,,,RPL18A,
,SLC6A2,,,,,,,,,,,,,,,,,,,RPL19,
,SLC7A13,,,,,,,,,,,,,,,,,,,RPL21,
,SLCO1C1,,,,,,,,,,,,,,,,,,,RPL22,
,SLFN11,,,,,,,,,,,,,,,,,,,RPL23,
,SMAGP,,,,,,,,,,,,,,,,,,,RPL24,
,SMCO2,,,,,,,,,,,,,,,,,,,RPL26,
,SMIM21,,,,,,,,,,,,,,,,,,,RPL27,
,SMIM6,,,,,,,,,,,,,,,,,,,RPL27A,
,SMOX,,,,,,,,,,,,,,,,,,,RPL30,
,SMTN,,,,,,,,,,,,,,,,,,,RPL31,
,SNCAIP,,,,,,,,,,,,,,,,,,,RPL32,
,SNORC,,,,,,,,,,,,,,,,,,,RPL34,
,SNX22,,,,,,,,,,,,,,,,,,,RPL35,
,SP140L,,,,,,,,,,,,,,,,,,,RPL35A,
,SPATA1,,,,,,,,,,,,,,,,,,,RPL36,
,SPATA18,,,,,,,,,,,,,,,,,,,RPL36A,
,SPATA48,,,,,,,,,,,,,,,,,,,RPL36AL,
,SPATC1,,,,,,,,,,,,,,,,,,,RPL37,
,SPEM2,,,,,,,,,,,,,,,,,,,RPL37A,
,SPINK7,,,,,,,,,,,,,,,,,,,RPL38,
,SPINK8,,,,,,,,,,,,,,,,,,,RPL39,
,SPINK9,,,,,,,,,,,,,,,,,,,RPL4,
,SPNS2,,,,,,,,,,,,,,,,,,,RPL5,
,SPNS3,,,,,,,,,,,,,,,,,,,RPL6,
,SPON2,,,,,,,,,,,,,,,,,,,RPL7,
,SPRR2G,,,,,,,,,,,,,,,,,,,RPL7A,
,SREBF1,,,,,,,,,,,,,,,,,,,RPL8,
,SRPK3,,,,,,,,,,,,,,,,,,,RPL9,
,SSPOP,,,,,,,,,,,,,,,,,,,RPS10,
,SSX5,,,,,,,,,,,,,,,,,,,RPS11,
,ST6GALNAC3,,,,,,,,,,,,,,,,,,,RPS12,
,STAT5A,,,,,,,,,,,,,,,,,,,RPS13,
,STC1,,,,,,,,,,,,,,,,,,,RPS15,
,STK17A,,,,,,,,,,,,,,,,,,,RPS17,
,STPG2,,,,,,,,,,,,,,,,,,,RPS18,
,SUCNR1,,,,,,,,,,,,,,,,,,,RPS20,
,SUPT20H,,,,,,,,,,,,,,,,,,,RPS23,
,SVOPL,,,,,,,,,,,,,,,,,,,RPS24,
,SYN3,,,,,,,,,,,,,,,,,,,RPS26,
,SYNE3,,,,,,,,,,,,,,,,,,,RPS27A,
,TAAR2,,,,,,,,,,,,,,,,,,,RPS27L,
,TACSTD2,,,,,,,,,,,,,,,,,,,RPS28,
,TAF4,,,,,,,,,,,,,,,,,,,RPS3,
,TAS2R13,,,,,,,,,,,,,,,,,,,RPS3A,
,TAT,,,,,,,,,,,,,,,,,,,RPS4X,
,TBC1D28,,,,,,,,,,,,,,,,,,,RPS7,
,TBCCD1,,,,,,,,,,,,,,,,,,,RPS8,
,TBPL2,,,,,,,,,,,,,,,,,,,RTL8C,
,TCL1B,,,,,,,,,,,,,,,,,,,RTN1,
,TDG,,,,,,,,,,,,,,,,,,,RTN3,
,TDP1,,,,,,,,,,,,,,,,,,,RTN4,
,TDRD3,,,,,,,,,,,,,,,,,,,RUFY3,
,TECPR1,,,,,,,,,,,,,,,,,,,RUSC2,
,TEP1,,,,,,,,,,,,,,,,,,,SACS,
,TET2,,,,,,,,,,,,,,,,,,,SAFB,
,TEX11,,,,,,,,,,,,,,,,,,,SARAF,
,TEX38,,,,,,,,,,,,,,,,,,,SCAMP5,
,TGM2,,,,,,,,,,,,,,,,,,,SCCPDH,
,TICAM2,,,,,,,,,,,,,,,,,,,SCG2,
,TICRR,,,,,,,,,,,,,,,,,,,SCG5,
,TIE1,,,,,,,,,,,,,,,,,,,SCN2A,
,TIGD6,,,,,,,,,,,,,,,,,,,SCN2B,
,TLR8,,,,,,,,,,,,,,,,,,,SCOC,
,TMC2,,,,,,,,,,,,,,,,,,,SCRN1,
,TMED6,,,,,,,,,,,,,,,,,,,SDHC,
,TMEM104,,,,,,,,,,,,,,,,,,,SEC31A,
,TMEM121,,,,,,,,,,,,,,,,,,,SEC61G,
,TMEM131L,,,,,,,,,,,,,,,,,,,SEC62,
,TMEM164,,,,,,,,,,,,,,,,,,,SELENOH,
,TMEM168,,,,,,,,,,,,,,,,,,,SELENOT,
,TMEM187,,,,,,,,,,,,,,,,,,,SELENOW,
,TMEM199,,,,,,,,,,,,,,,,,,,SEPTIN5,
,TMEM202,,,,,,,,,,,,,,,,,,,SERBP1,
,TMEM204,,,,,,,,,,,,,,,,,,,SERF2,
,TMEM51,,,,,,,,,,,,,,,,,,,SERGEF,
,TMEM89,,,,,,,,,,,,,,,,,,,SERINC1,
,TMIGD2,,,,,,,,,,,,,,,,,,,SERINC3,
,TMPRSS2,,,,,,,,,,,,,,,,,,,SEZ6L,
,TMPRSS3,,,,,,,,,,,,,,,,,,,SH3GL2,
,TMTC4,,,,,,,,,,,,,,,,,,,SLC24A2,
,TNFAIP8,,,,,,,,,,,,,,,,,,,SLC25A3,
,TNFRSF1A,,,,,,,,,,,,,,,,,,,SLC25A4,
,TNMD,,,,,,,,,,,,,,,,,,,SLC25A46,
,TNNT2,,,,,,,,,,,,,,,,,,,SLC25A6,
,TOE1,,,,,,,,,,,,,,,,,,,SLC2A3,
,TOMM5,,,,,,,,,,,,,,,,,,,SLC30A9,
,TOP2A,,,,,,,,,,,,,,,,,,,SLC38A1,
,TP73,,,,,,,,,,,,,,,,,,,SLC39A10,
,TPCN1,,,,,,,,,,,,,,,,,,,SLC6A17,
,TPPP3,,,,,,,,,,,,,,,,,,,SLC8A1,
,TRIB1,,,,,,,,,,,,,,,,,,,SLC9A6,
,TRIM46,,,,,,,,,,,,,,,,,,,SLC9B2,
,TRIM7,,,,,,,,,,,,,,,,,,,SMARCA2,
,TRIM72,,,,,,,,,,,,,,,,,,,SMARCC2,
,TRMT2B,,,,,,,,,,,,,,,,,,,SMS,
,TRRAP,,,,,,,,,,,,,,,,,,,SMU1,
,TSGA10IP,,,,,,,,,,,,,,,,,,,SNAP25,
,TSPAN11,,,,,,,,,,,,,,,,,,,SNAP91,
,TSTD3,,,,,,,,,,,,,,,,,,,SNCA,
,TTC26,,,,,,,,,,,,,,,,,,,SNRPD3,
,TTC28,,,,,,,,,,,,,,,,,,,SNRPN,
,TTC5,,,,,,,,,,,,,,,,,,,SNU13,
,TTLL10,,,,,,,,,,,,,,,,,,,SNURF,
,TTLL8,,,,,,,,,,,,,,,,,,,SNX17,
,TULP4,,,,,,,,,,,,,,,,,,,SNX3,
,UEVLD,,,,,,,,,,,,,,,,,,,SOD1,
,UFL1,,,,,,,,,,,,,,,,,,,SON,
,UGT8,,,,,,,,,,,,,,,,,,,SORL1,
,UNC5B,,,,,,,,,,,,,,,,,,,SPARCL1,
,UPK3B,,,,,,,,,,,,,,,,,,,SPIN1,
,UTP25,,,,,,,,,,,,,,,,,,,SPINT2,
,VENTX,,,,,,,,,,,,,,,,,,,SPOCK2,
,VPS26C,,,,,,,,,,,,,,,,,,,SPRYD3,
,VRK2,,,,,,,,,,,,,,,,,,,SPTBN1,
,VSIR,,,,,,,,,,,,,,,,,,,SREBF2,
,WBP1,,,,,,,,,,,,,,,,,,,SRP68,
,WDR53,,,,,,,,,,,,,,,,,,,SSU72,
,WFDC3,,,,,,,,,,,,,,,,,,,SSX2IP,
,WTIP,,,,,,,,,,,,,,,,,,,ST13,
,XDH,,,,,,,,,,,,,,,,,,,ST8SIA3,
,ZBED4,,,,,,,,,,,,,,,,,,,STAU2,
,ZBTB26,,,,,,,,,,,,,,,,,,,STIP1,
,ZBTB47,,,,,,,,,,,,,,,,,,,STMN2,
,ZBTB6,,,,,,,,,,,,,,,,,,,STRAP,
,ZBTB7B,,,,,,,,,,,,,,,,,,,STX7,
,ZC3H12B,,,,,,,,,,,,,,,,,,,STXBP1,
,ZC3H12D,,,,,,,,,,,,,,,,,,,STXBP5,
,ZDHHC3,,,,,,,,,,,,,,,,,,,SUB1,
,ZDHHC5,,,,,,,,,,,,,,,,,,,SUCLA2,
,ZFP69B,,,,,,,,,,,,,,,,,,,SULT4A1,
,ZFY,,,,,,,,,,,,,,,,,,,SUMO1,
,ZGPAT,,,,,,,,,,,,,,,,,,,SUMO3,
,ZIC5,,,,,,,,,,,,,,,,,,,SUPT4H1,
,ZIK1,,,,,,,,,,,,,,,,,,,SV2A,
,ZNF136,,,,,,,,,,,,,,,,,,,SV2B,
,ZNF14,,,,,,,,,,,,,,,,,,,SVOP,
,ZNF182,,,,,,,,,,,,,,,,,,,SYN1,
,ZNF219,,,,,,,,,,,,,,,,,,,SYN2,
,ZNF221,,,,,,,,,,,,,,,,,,,SYNGR3,
,ZNF276,,,,,,,,,,,,,,,,,,,SYNJ1,
,ZNF334,,,,,,,,,,,,,,,,,,,SYP,
,ZNF423,,,,,,,,,,,,,,,,,,,SYT1,
,ZNF429,,,,,,,,,,,,,,,,,,,SYT11,
,ZNF442,,,,,,,,,,,,,,,,,,,SYT4,
,ZNF473,,,,,,,,,,,,,,,,,,,SYTL2,
,ZNF480,,,,,,,,,,,,,,,,,,,TACC1,
,ZNF503,,,,,,,,,,,,,,,,,,,TAF13,
,ZNF513,,,,,,,,,,,,,,,,,,,TAF15,
,ZNF567,,,,,,,,,,,,,,,,,,,TAGLN3,
,ZNF570,,,,,,,,,,,,,,,,,,,TBCB,
,ZNF573,,,,,,,,,,,,,,,,,,,TCEAL2,
,ZNF578,,,,,,,,,,,,,,,,,,,TCEAL4,
,ZNF593,,,,,,,,,,,,,,,,,,,TCEAL7,
,ZNF665,,,,,,,,,,,,,,,,,,,TCP1,
,ZNF704,,,,,,,,,,,,,,,,,,,TERF2IP,
,ZNF726,,,,,,,,,,,,,,,,,,,TGOLN2,
,ZNF730,,,,,,,,,,,,,,,,,,,THY1,
,ZNF787,,,,,,,,,,,,,,,,,,,TIMM17A,
,ZNF789,,,,,,,,,,,,,,,,,,,TIMM23,
,ZNF80,,,,,,,,,,,,,,,,,,,TIMM23B,
,ZNF835,,,,,,,,,,,,,,,,,,,TLE5,
,ZP2,,,,,,,,,,,,,,,,,,,TM2D3,
,ZSCAN32,,,,,,,,,,,,,,,,,,,TM9SF3,
,,,,,,,,,,,,,,,,,,,,TMA7,
,,,,,,,,,,,,,,,,,,,,TMBIM6,
,,,,,,,,,,,,,,,,,,,,TMED2,
,,,,,,,,,,,,,,,,,,,,TMEM132A,
,,,,,,,,,,,,,,,,,,,,TMEM183A,
,,,,,,,,,,,,,,,,,,,,TMEM230,
,,,,,,,,,,,,,,,,,,,,TMEM35A,
,,,,,,,,,,,,,,,,,,,,TMEM59L,
,,,,,,,,,,,,,,,,,,,,TMEM9,
,,,,,,,,,,,,,,,,,,,,TMOD2,
,,,,,,,,,,,,,,,,,,,,TMSB10,
,,,,,,,,,,,,,,,,,,,,TOLLIP,
,,,,,,,,,,,,,,,,,,,,TOMM7,
,,,,,,,,,,,,,,,,,,,,TPI1,
,,,,,,,,,,,,,,,,,,,,TPM3,
,,,,,,,,,,,,,,,,,,,,TRIM37,
,,,,,,,,,,,,,,,,,,,,TRIO,
,,,,,,,,,,,,,,,,,,,,TRIR,
,,,,,,,,,,,,,,,,,,,,TSPAN13,
,,,,,,,,,,,,,,,,,,,,TSPAN3,
,,,,,,,,,,,,,,,,,,,,TSPAN7,
,,,,,,,,,,,,,,,,,,,,TSPYL1,
,,,,,,,,,,,,,,,,,,,,TSPYL4,
,,,,,,,,,,,,,,,,,,,,TSR2,
,,,,,,,,,,,,,,,,,,,,TUBA1C,
,,,,,,,,,,,,,,,,,,,,TUBA4A,
,,,,,,,,,,,,,,,,,,,,TUBB,
,,,,,,,,,,,,,,,,,,,,TUBB2A,
,,,,,,,,,,,,,,,,,,,,TUBB3,
,,,,,,,,,,,,,,,,,,,,TUBB4A,
,,,,,,,,,,,,,,,,,,,,TUBB4B,
,,,,,,,,,,,,,,,,,,,,TUBG2,
,,,,,,,,,,,,,,,,,,,,TUSC3,
,,,,,,,,,,,,,,,,,,,,TXNL1,
,,,,,,,,,,,,,,,,,,,,UBA2,
,,,,,,,,,,,,,,,,,,,,UBA52,
,,,,,,,,,,,,,,,,,,,,UBE2B,
,,,,,,,,,,,,,,,,,,,,UBE2E1,
,,,,,,,,,,,,,,,,,,,,UBE2QL1,
,,,,,,,,,,,,,,,,,,,,UBE2V2,
,,,,,,,,,,,,,,,,,,,,UBL5,
,,,,,,,,,,,,,,,,,,,,UBQLN1,
,,,,,,,,,,,,,,,,,,,,UFC1,
,,,,,,,,,,,,,,,,,,,,UGP2,
,,,,,,,,,,,,,,,,,,,,UNC13A,
,,,,,,,,,,,,,,,,,,,,UQCR11,
,,,,,,,,,,,,,,,,,,,,UQCRB,
,,,,,,,,,,,,,,,,,,,,UQCRC1,
,,,,,,,,,,,,,,,,,,,,UQCRFS1,
,,,,,,,,,,,,,,,,,,,,UQCRHL,
,,,,,,,,,,,,,,,,,,,,UQCRQ,
,,,,,,,,,,,,,,,,,,,,UROS,
,,,,,,,,,,,,,,,,,,,,USP11,
,,,,,,,,,,,,,,,,,,,,USP14,
,,,,,,,,,,,,,,,,,,,,USP22,
,,,,,,,,,,,,,,,,,,,,VAMP2,
,,,,,,,,,,,,,,,,,,,,VCP,
,,,,,,,,,,,,,,,,,,,,VDAC1,
,,,,,,,,,,,,,,,,,,,,VDAC3,
,,,,,,,,,,,,,,,,,,,,VPS35,
,,,,,,,,,,,,,,,,,,,,VPS53,
,,,,,,,,,,,,,,,,,,,,VTI1B,
,,,,,,,,,,,,,,,,,,,,WAC,
,,,,,,,,,,,,,,,,,,,,WDR47,
,,,,,,,,,,,,,,,,,,,,WDR7,
,,,,,,,,,,,,,,,,,,,,WIPF2,
,,,,,,,,,,,,,,,,,,,,WSB2,
,,,,,,,,,,,,,,,,,,,,XRCC5,
,,,,,,,,,,,,,,,,,,,,YARS1,
,,,,,,,,,,,,,,,,,,,,YIPF3,
,,,,,,,,,,,,,,,,,,,,YPEL5,
,,,,,,,,,,,,,,,,,,,,YWHAE,
,,,,,,,,,,,,,,,,,,,,YWHAG,
,,,,,,,,,,,,,,,,,,,,YWHAH,
,,,,,,,,,,,,,,,,,,,,YWHAQ,
,,,,,,,,,,,,,,,,,,,,YWHAZ,
,,,,,,,,,,,,,,,,,,,,ZC3H15,
,,,,,,,,,,,,,,,,,,,,ZFYVE9,
,,,,,,,,,,,,,,,,,,,,ZMAT3,
,,,,,,,,,,,,,,,,,,,,ZNF483,
,,,,,,,,,,,,,,,,,,,,ZSCAN18,
